问题编号,体系,核心问题,机制假说,主要证据链,支持证据,反向证据,替代解释,独立答案,判断边界,指标编号,相关缺口
K1,凯恩斯主义,支出能否消化生产能力？,有效需求相对供给偏弱时，销售、库存、产能利用、就业和价格出现相互印证的变化。,收入与支出→订单与销售→生产与库存→就业、价格与利润,订单和销售弱，库存周转变慢、利用率下降，并有就业或价格证据。,销量、订单和利用率改善，库存下降，利润并未受损。,供给扩张、进口成本下降、结构性降价、春节错位和基数效应。,需求强弱、增长动力、复苏覆盖面及需求约束,只能描述需求压力，不能把PPI下降直接当作需求不足的因果证明。,A016；A020；A024；A026；A031；A032；A033；A034；A035；A036；A037；A038；A039；A040；A059；A060；A061；A062；A063；B001；B003；B008；B012；E001；E002；E003；E004；E005；E006,GAP001；GAP004；GAP006；GAP019；GAP021
K2,凯恩斯主义,消费、投资和外需谁在驱动变化？,支出结构变化解释增长来源，国民核算与高频代理提供不同频率的证据。,收入与支出→订单与销售→生产与库存→就业、价格与利润,以同版三大需求拉动为起点，用住户消费、投资和贸易分项检验方向。,贡献上升仅由其他分项下降造成，或高频代理与年度核算方向相反。,净出口改善可能来自进口收缩；投资统计与资本形成口径不同。,需求强弱、增长动力、复苏覆盖面及需求约束,海关顺差不等于GDP净出口贡献，社零不等于最终消费支出。,A001；A002；A006；A007；A008；A014；A015；A016；A017；A018；A019；A020；A021；A022；A023；A024；A056；A057；A058；B015；B017；B051；B052；B054；B055,GAP001；GAP004；GAP006；GAP019；GAP021
K3,凯恩斯主义,就业与价格是否支持需求改善？,广泛需求改善应逐步传导至劳动需求、居民收入及价格，但存在时滞和行业差异。,收入与支出→订单与销售→生产与库存→就业、价格与利润,就业数量或工时、实际收入与服务价格等多个环节同向改善。,工业产出回升但工资、就业和居民消费未改善。,劳动供给变化、产业替代、成本冲击和调查样本变化。,需求强弱、增长动力、复苏覆盖面及需求约束,就业人口与城镇调查失业率的统计范围不同，不能直接相减求失业人数。,A014；A015；A016；A017；A018；A019；A025；A026；A027；A028；A029；A030；A035；A039；A059；A060；A061；A062；A063；C034；C039；C040；C041；C042,GAP001；GAP004；GAP006；GAP019；GAP021
K4,凯恩斯主义,政府支出能否带动私人支出？,财政资金形成采购、转移或项目活动后，可能带动收入和私人支出；观察传导次序。,收入与支出→订单与销售→生产与库存→就业、价格与利润,支出执行后，相关订单、居民消费或民间投资持续改善。,债券发行增加而支出执行、项目活动或私人投资没有接续。,共同政策冲击、项目周期、债务置换、财政存款变化。,需求强弱、增长动力、复苏覆盖面及需求约束,发债不等于当期新增财政需求，时间上的先后不单独证明带动效应。,A016；B015；B016；B023；B025；B026；B027；B028；B029；B030；B031；B032；B033；B034；B035；B036；B037；B038；C010；C042,GAP001；GAP004；GAP006；GAP019；GAP021
M1,货币主义及货币传导分析,货币与名义经济如何变化？,货币存量与名义支出关系会受到持币行为、金融结构及统计口径变化影响。,货币与存款结构→融资条件与融资结构→名义支出→价格与收入,比较可比货币增速、名义GDP与价格，区分长期关系和短期背离。,货币与名义增长背离由统计扩围或一次性存款迁移解释。,货币需求、金融深化、支付工具改变及口径修订。,货币环境、资金活跃程度及传导状况,不得把M2同比与GDP实际同比相减称作流通速度。,A001；A002；A009；A012；A013；A041；A042；A043；A055；A059；A060；A061；A062；A063,GAP002；GAP005；GAP019
M2,货币主义及货币传导分析,资金持有和使用行为是否改变？,活期、定期及不同部门存款变化为持币行为提供线索。,货币与存款结构→融资条件与融资结构→名义支出→价格与收入,活期货币、部门存款结构与消费或交易活动方向一致。,存款变化源于部门间转移、理财回流或统计调整，支出并未变化。,存款替代、季末效应、财政收支时点。,货币环境、资金活跃程度及传导状况,新增住户存款不是住户储蓄流量，不能直接据此计算居民储蓄率。,A016；A041；A042；A043；A046；A047；R008；R014,GAP002；GAP005；GAP019
M3,货币主义及货币传导分析,融资价格、结构与支出是否一致？,融资成本变化要结合融资主体、期限及实际活动观察。,货币与存款结构→融资条件与融资结构→名义支出→价格与收入,利率下降伴随企业或居民融资及相应投资消费改善。,融资增长集中于票据或政府债，私人支出弱；或利率下降但债务需求收缩。,贷款供给与需求同时变化、借新还旧、风险溢价和政策定向支持。,货币环境、资金活跃程度及传导状况,名义利率减当期通胀只是事后近似，不命名为事前实际利率。,A016；A044；A045；A048；A049；A050；A051；A052；A053；B015；B035；B036,GAP002；GAP005；GAP019
M4,货币主义及货币传导分析,货币变化在哪个环节未转化为支出？,流动性、授信、融资取得、支出执行及收入形成是不同环节。,货币与存款结构→融资条件与融资结构→名义支出→价格与收入,按货币→融资→支出→收入逐段对照并定位最先出现的背离。,所有阶段均改善却因使用不同时间或样本被误判为传导失败。,支出时滞、债务置换、财政与私人部门替代、数据发布滞后。,货币环境、资金活跃程度及传导状况,只能定位候选阻滞环节，不能从汇总统计推断个体资金去向。,A014；A016；A044；A045；A046；A047；A048；A049；B001；B003；B015；B026；B030,GAP002；GAP005；GAP019
F1,金融周期及资产负债表分析,哪些部门在扩张或收缩负债？,负债变化需要同时考虑债务规模、部门结构以及名义收入分母。,资产价格与收入→债务及期限→偿付与再融资→金融机构和其他部门,贷款、债券或政府债务等同口径余额和净融资显示部门分化。,增速变化来自核销、证券化、统计调整或债务部门转移。,债务置换、融资工具替代、GDP修订。,修复程度、融资压力及风险传导位置,不能将非金融企业、地方政府和城投债务简单相加，必须检查重叠。,A044；A045；A048；A049；B005；B032；B033；B034；B035；B036；B053；B054；B055；B056；B057；B058；B059；B060；B061；B062；B063；R010,GAP007；GAP008；GAP011；GAP012；GAP019；GAP022；GAP023
F2,金融周期及资产负债表分析,收入和现金流能否支持债务？,相同债务规模下，现金流、付息负担和到期结构决定压力差异。,资产价格与收入→债务及期限→偿付与再融资→金融机构和其他部门,公开收入/利润/财政收支与付息或债务指标联合显示缓冲收窄。,利润变弱但现金回款改善，或期限延长和利息下降减轻当期压力。,债务展期、资产处置、财政转移、会计利润与现金流差异。,修复程度、融资压力及风险传导位置,政府债务/预算收入是压力代理，不是有统一阈值的违约概率。,B001；B002；B003；B004；B005；B006；B007；B009；B010；B011；B023；B024；B025；B026；B027；B028；B029；B030；B031；B032；B033；B034；B035；B036；B037；B038,GAP007；GAP008；GAP011；GAP012；GAP019；GAP022；GAP023
F3,金融周期及资产负债表分析,资产价格如何影响偿债与融资？,地产价格、成交和回款变化可能影响抵押品、企业现金流及地方土地收入。,资产价格与收入→债务及期限→偿付与再融资→金融机构和其他部门,房价与成交、开发资金、土地收入和相关融资相互印证。,价格下降但成交回升、回款改善或现金缓冲充足。,住房结构变化、以价换量、土地供给节奏和项目交付。,修复程度、融资压力及风险传导位置,成交均价受结构影响，不能等同于同质住房价格指数或抵押品价值。,A044；A045；B017；B018；B019；B020；B021；B022；B023；B024；B028；E007；E008,GAP007；GAP008；GAP011；GAP012；GAP019；GAP022；GAP023
F4,金融周期及资产负债表分析,风险如何跨部门传递？,地产和企业支付能力变化可能通过财政、贷款及金融机构损益传递。,资产价格与收入→债务及期限→偿付与再融资→金融机构和其他部门,债务/回款变化与相关财政或银行指标在匹配范围内同向变化。,银行指标改善由核销或分母扩张造成，或全国数据掩盖局部风险。,风险处置、会计确认时滞、监管口径及机构样本变化。,修复程度、融资压力及风险传导位置,银行不良率下降不单独证明风险消失；无地域匹配数据不下城市银行结论。,B023；B026；B028；B038；B039；B040；B041；B042；B043；B044；B045；B046；B047；B048；B049；B050,GAP007；GAP008；GAP011；GAP012；GAP019；GAP022；GAP023
G1,新古典增长视角,劳动力数量和质量如何变化？,劳动供给由人口结构、就业参与、健康、教育及技能共同影响。,人口与就业、教育与技能、投资与资本形成→产出和劳动生产率,劳动年龄人口、就业、教育与技能指标给出一致或分化的结构趋势。,人口下降但参与率、工时或人力资本改善抵消部分影响。,退休制度、迁移、教育扩张和调查口径差异。,可观察的长期增长支撑、效率变化及要素约束,在校生规模不是现有劳动力技能水平；不同年龄区间不得拼接。,A025；A026；A027；A028；A029；A030；C021；C022；C023；C024；C025；C026；C027；C028；C029；C030；C031；C032；C033；C056；C057；C058,GAP003；GAP009；GAP014；GAP019；GAP020
G2,新古典增长视角,投资与产出是否协调？,资本形成与产出、需求和利用率之间的关系提供投资效率线索。,人口与就业、教育与技能、投资与资本形成→产出和劳动生产率,投资扩张伴随产出、利用率和经营回报改善。,投资上升但利用率、销售和利润下降。,建设期滞后、公共品收益、产业周期和价格变化。,可观察的长期增长支撑、效率变化及要素约束,固定资产投资不能作为资本存量，投资/新增GDP不直接称作资本回报率。,A004；A005；A007；B013；B014；B015；B016；C007；C050；E001；E002；E003；E004；E005；E006；R009,GAP003；GAP009；GAP014；GAP019；GAP020
G3,新古典增长视角,劳动生产率是否改善？,可比实际产出与匹配就业人数之比反映单位就业者产出。,人口与就业、教育与技能、投资与资本形成→产出和劳动生产率,同版本劳动生产率持续改善，并区分就业、产出与产业结构贡献线索。,改善来自就业分母缩减，或名义价格上涨而非实物效率。,资本深化、工时、行业构成和就业统计修订。,可观察的长期增长支撑、效率变化及要素约束,劳动生产率不等同TFP，不用名义GDP/就业冒充实际劳动生产率。,A002；A004；A005；A011；A027；A028；C056；C057；C058；R001,GAP003；GAP009；GAP014；GAP019；GAP020
G4,新古典增长视角,行业和地区有哪些效率差异？,相同统计口径下的产业、劳动与产出差异可支持结构性比较。,人口与就业、教育与技能、投资与资本形成→产出和劳动生产率,同口径地区/行业产出、就业与收入数据形成可重复的比较。,差异由价格、跨地区总部核算、工时和样本覆盖解释。,产业结构、公共服务与自然条件不同。,可观察的长期增长支撑、效率变化及要素约束,未经价格与样本控制不将地区人均GDP高低直接解释为技术效率。,A004；A005；A010；A011；A014；B013；B014；B015；C027；C033；C056；C057；C058；R001,GAP003；GAP009；GAP014；GAP019；GAP020
I1,熊彼特主义,创新投入是否形成成果？,研发投入通过有时滞且有失败风险的活动形成知识与技术成果。,研发投入→创新成果→应用与扩散→经营表现→产业更替,研发资金/人员和高价值成果在匹配领域、合理时间窗口内共同改善。,研发扩张但成果质量、应用和市场表现未改善。,申请策略、补贴激励、研发周期和分类变化。,创新转化程度、新增长动力及转型成本,不以当年研发除以当年授权专利简单衡量研发效率。,C001；C002；C003；C004；C005；C006；C007；C008；C009；C010；C011；C012；C013；C014,GAP015；GAP019
I2,熊彼特主义,成果是否进入生产和市场？,知识成果经交易、应用、设备和流程扩散影响生产。,研发投入→创新成果→应用与扩散→经营表现→产业更替,技术交易、新产品或高技术活动与应用端产出相互印证。,合同额增长但履约、销售或扩散证据不足。,合同口径、关联交易、进口设备及市场周期。,创新转化程度、新增长动力及转型成本,技术合同成交额不等于当年研发成果收入，也不是已实现现金流。,B016；C015；C016；C017；C018；C019；C059；E004,GAP015；GAP019
I3,熊彼特主义,新产业是否形成收入与回报？,创新必须结合需求与经营结果观察可持续性。,研发投入→创新成果→应用与扩散→经营表现→产业更替,新产业增加值/收入增长，相关利润和利用率提供补充。,产量或销售扩张伴随降价、亏损或库存积压。,新进入企业前期投入、补贴、产品价格和统计范围。,创新转化程度、新增长动力及转型成本,公开行业总体利润不能归因到全部创新企业，不以规模增长证明投资回报。,B001；B003；B009；C009；C015；C016；C018；C059；E001；E004；E005,GAP015；GAP019
I4,熊彼特主义,新旧更替是否改善就业与效率？,新活动扩张与旧活动收缩可能带来就业重配及效率提升，也伴随转型成本。,研发投入→创新成果→应用与扩散→经营表现→产业更替,新旧行业活动与就业/工资、生产率变化相互对应。,新产业增加但就业承接弱，旧产业退出或人员转岗证据不足。,企业注册与实际经营不同、外包、统计单位升降规。,创新转化程度、新增长动力及转型成本,缺少企业连续追踪时不测算净创造性破坏贡献。,A011；A028；C027；C030；C031；C056；C057；C058；E001；R017,GAP015；GAP019
S1,新结构经济学,产业结构是否适应当地要素条件？,产业对技能、资本、能源和市场的要求应与区域条件共同观察。,要素条件→基础设施与公共服务→产业配置与关联→市场竞争力和回报,产业结构与技能/人口、能源、投资和市场数据可相互解释。,产能扩张与当地要素供给、销售和收入表现持续背离。,跨区要素流动、总部经济、资源禀赋及产业链分工。,产业适配程度、升级路径及发展瓶颈,不能仅凭产业占比指定某地应当发展或退出某个产业。,A004；A005；A010；B015；C001；C006；C027；C030；C033；C049；C051；C052；R017,GAP010；GAP018；GAP019
S2,新结构经济学,基础设施和公共服务有什么约束？,交通、能源和教育健康服务影响生产连接、劳动力及交易成本。,要素条件→基础设施与公共服务→产业配置与关联→市场竞争力和回报,设施数量与实际使用、运输活动和公共服务指标联合呈现。,供给增加但利用不高，或总体充足仍有局部拥堵与短缺。,规模效应、人口密度、地理条件和利用口径。,产业适配程度、升级路径及发展瓶颈,里程、装机和财政支出是供给或投入，不能直接等同服务效率。,B026；C010；C027；C028；C029；C030；C031；C032；C033；C043；C044；C049；C050；C051；C052；C053；C054；C055,GAP010；GAP018；GAP019
S3,新结构经济学,升级是否形成配套与市场？,产业升级需有投入来源、上下游联系及最终需求承接。,要素条件→基础设施与公共服务→产业配置与关联→市场竞争力和回报,投入产出联系、工业分项和进出口结构提供匹配证据。,高技术占比上升但配套、订单或盈利证据弱。,价格、加工贸易、外需周期、再出口和分类重叠。,产业适配程度、升级路径及发展瓶颈,技术产业分类与行业门类有重叠，不得相加为经济总量。,A004；A005；B051；B052；C008；C009；C013；C014；C015；C016；C017；C018；C019；C052；C059；E003；E004；R017,GAP010；GAP018；GAP019
S4,新结构经济学,扩张是否伴随利用率和回报改善？,新增资本与产能应结合利用和经营结果检验可持续性。,要素条件→基础设施与公共服务→产业配置与关联→市场竞争力和回报,相关投资、产能利用、销售和利润在合理项目期内同步改善。,投资持续上升而利用率、价格或利润承压。,学习期、公共品外部收益、替代旧产能和周期冲击。,产业适配程度、升级路径及发展瓶颈,基建社会收益与企业财务收益不同，不能用工业利润率评价全部公共项目。,A059；A060；A061；A062；A063；B001；B003；B009；B012；B013；B015；B016；B017；C049；C050；E001；E005,GAP010；GAP018；GAP019
D1,马克思主义政治经济学,资本积累与利润实现是否协调？,资本形成、生产扩张与销售和利润之间的关系体现再生产的经营约束。,生产与积累→利润和收入分配→消费与储蓄→再投资与再生产,积累扩张同时有收入、利润和库存周转支撑。,生产及投资增长而利润、回款和需求不足。,价格周期、会计变化、公共投资以及产业阶段差异。,积累与分配协调程度、群体差异及持续性约束,工业利润率不是马克思理论的一般利润率，不能跨口径套算。,A007；B001；B002；B003；B006；B007；B008；B009；B012；B015；E001；E002；R008；R009,GAP013；GAP016；GAP017；GAP019
D2,马克思主义政治经济学,劳动收入是否分享生产率改善？,生产率收益在劳动报酬、利润与其他收入间的分配影响增长的受益范围。,生产与积累→利润和收入分配→消费与储蓄→再投资与再生产,同范围实际工资/劳动报酬和劳动生产率在可比期间共同改善。,平均工资上涨但中位收入较弱，或就业覆盖收缩。,行业组成、自雇混合收入、税费与社保、就业单位样本。,积累与分配协调程度、群体差异及持续性约束,不能用城镇单位工资对全国劳动生产率直接推断劳动报酬份额变化。,A011；A014；A015；A027；A028；C034；C037；C039；C056；C057；C058；R002；R015,GAP013；GAP016；GAP017；GAP019
D3,马克思主义政治经济学,分配如何影响消费能力？,不同收入群体的资源、负担和保障差异可能影响消费能力，但需要群体消费证据。,生产与积累→利润和收入分配→消费与储蓄→再投资与再生产,收入分组、城乡差异、消费和保障证据共同支持受益面判断。,收入分布变化却没有匹配群体消费数据。,生命周期、家庭规模、住房负担、资产与收入不同。,积累与分配协调程度、群体差异及持续性约束,无分组消费资料时不估算各收入组边际消费倾向；收入五等份不是财富五等份。,A014；A015；A016；A017；A018；A019；A056；C021；C022；C023；C024；C034；C035；C036；C037；C038；C039；C040；C041；C042；C043；C044；C045；C046；C047；C048；C056；C057；C058；R004；R005；R006；R007；R013；R016,GAP013；GAP016；GAP017；GAP019
D4,马克思主义政治经济学,生产、消费和再投资有哪些张力？,部门收入、储蓄与资本形成联系揭示资金余缺及支出衔接。,生产与积累→利润和收入分配→消费与储蓄→再投资与再生产,以资金流量账户连接部门分配、储蓄、投资与净金融投资。,现象依赖错误加总、表间版本不一或将存款增加当作储蓄。,对外收支、资本转移、其他非金融资产和统计差异。,积累与分配协调程度、群体差异及持续性约束,部门余额关系是核算联系，不是因果关系；统计差额保留，不强制配平。,B053；B054；B055；B056；R001；R002；R003；R004；R005；R006；R007；R008；R009；R010；R011；R012；R013；R014；R015；R016,GAP013；GAP016；GAP017；GAP019
