来源编号,发布主体,标题,公开原文链接,定义入口,发布日,读取日,报告期,发布节奏,表/节/脚注位置,已读定义依据,历史/制度证据,范围依据,限制
A_S01,国家统计局,2025年四季度和全年国内生产总值初步核算结果,https://www.stats.gov.cn/zwfwck/sjfb/202601/t20260120_1962349.html,https://www.stats.gov.cn/zwfwck/sjfb/202601/t20260120_1962349.html,2026-01-20,2026-09-15,2025年四季度及全年,季度、年度,表1—3；附件中国GDP季度核算说明1.1、1.2、1.4、5,绝对额为现价，增速为不变价；生产法增加值扣除中间投入；全国不含港澳台；季度表不是月度数据。,表2—3实际展示2020—2025年各季同比、季调环比；附件记载1992年起季度核算、2015年三季度改分季核算、2011年起公布环比。,全国；三次产业；11个行业及制造业子项。,初步数可修订；季调序列随新信息更新；未证明31省或地级所有细分可得。
A_S02,国家统计局,国家统计局关于2024年国内生产总值最终核实的公告,https://www.stats.gov.cn/zwfwck/sjfb/202512/t20251226_1962144.html,https://www.stats.gov.cn/zwfwck/sjfb/202512/t20251226_1962144.html,2025-12-26,2026-09-15,2024年最终核实,年度,正文、附件1、附件2年度GDP核算说明,2024年现价GDP最终数1348066亿元；初步数下修1018亿元；不变价增速5.0%。,核算说明确认1952年以来年度GDP序列及普查后追溯修订；数据库同步更新最终核实结果。,全国、三次产业和11个行业、制造业。,历史原发公报与修订库不能混用；本次只提取2024最终数作2025名义同比基期。
A_S03,国家统计局,中华人民共和国2025年国民经济和社会发展统计公报,https://www.stats.gov.cn/sj/zxfb/202602/t20260228_1962662.html,https://www.stats.gov.cn/sj/zxfb/202602/t20260228_1962662.html,2026-02-28,2026-09-15,2025年全年及年末,年度,一综合、五国内贸易、九居民收入消费；注释1—8、41,公报列三大需求拉动百分点；全员劳动生产率按2020年价GDP/就业人数；GNI包含国外初次收入净额；城镇新增就业扣自然减员。,年度公报；图示近年变化，本轮不从图片补造未读数值。,全国；三次产业；城乡就业；本地/外出农民工；东中西东北区域。,公报为初步统计；部分数值舍入；区域合计不证明逐省数据齐全。
A_S04,国家统计局,2025年居民收入和消费支出情况,https://www.stats.gov.cn/sj/zxfb/202601/t20260119_1962321.html,https://www.stats.gov.cn/sj/zxfb/202601/t20260119_1962321.html,2026-01-19,2026-09-15,2025年全年,季度累计、年度,正文一二、表1、附注1—2,住户收入与消费均含现金和实物；季度不含自产自用，年度包含；常住地分城乡。,附注明确按季发布；31省近2000县抽取16万户的住户调查。,全国、城镇/农村；八大消费类别；调查覆盖31省不等于本页公开31省结果。,收入分布、中位数、四类来源由C组处理；人均指标不能直接代替机构部门账户；年度减前三季度含口径差。
A_S05,国家统计局,2025年12月份社会消费品零售总额增长0.9%,https://www.stats.gov.cn/zwfwck/sjfb/202601/t20260119_1962323.html,https://www.stats.gov.cn/zwfwck/sjfb/202601/t20260119_1962323.html,2026-01-19,2026-09-15,2025年12月、1—12月,月度当期和累计,主要数据表、附注1—6,社零为实物商品销售及餐饮，含社会集团非生产经营用途；不是全体居民全部消费；增速名义。,表含当月和累计；附注5给13个月季调环比并说明修订；附注6标记五经普后可比增速。,全国；经营地城镇/乡村；商品/餐饮；限额以上和以下；限上16商品类。,限额及平台样本逐年变；原发绝对额相除未必复现官方可比增速；网上非实物不进社零。
A_S06,国家统计局服务业调查中心、中国物流与采购联合会,2025年12月中国采购经理指数运行情况,https://www.stats.gov.cn/zwfwck/sjfb/202512/t20251231_1962218.html,https://www.stats.gov.cn/zwfwck/sjfb/202512/t20251231_1962218.html,2025-12-31,2026-09-15,2025年12月,月度,表1—4、附注1—5,分类指数为扩散指数；制造业PMI加权5项，配送时间逆向；综合产出用制造业生产及非制造业活动加权；均季调。,表1—4实际列2024年12月至2025年12月；明确月度调查。,制造业31大类3200家、非制造业43大类4300家；大中小企业制造业PMI；建筑/服务活动。,调查覆盖行业不等于逐行业指数全部公开；50是环比扩张/收缩分界，非产值增速。
A_S07,国家统计局,2025年经济发展向新向优 预期目标圆满实现,https://www.stats.gov.cn/sj/zxfb/202601/t20260119_1962330.html,https://www.stats.gov.cn/sj/zxfb/202601/t20260119_1962330.html,2026-01-19,2026-09-15,2025年12月及全年,月度、季度、年度混合,八就业、九收入、四消费、附注及附表,2025年12月城镇调查失业率5.1%、企业周工时48.6小时；服务性消费占住户支出46.1%；须逐项辨认报告期。,正文及附表为月度国民经济发布；可与A_S08的2023年12月同名项目定位对照。,全国；本地/外来/外来农业户籍；31大城市合计；城乡收支。,31大城市指标是汇总率，不是31个城市各自失业率；企业就业工时不覆盖所有劳动者。
A_S08,国家统计局,2023年国民经济回升向好 高质量发展扎实推进,https://www.stats.gov.cn/sj/zxfb/202401/t20240117_1946624.html,https://www.stats.gov.cn/sj/zxfb/202401/t20240117_1946624.html,2024-01-17,2026-09-15,2023年12月及全年,月度发布,八就业；附注9—11,原文给2023年12月不含在校生16—24、25—29、30—59岁失业率14.9%、6.1%、3.9%。,为新年龄口径的起始公开月份提供原值证据；发布日与报告月相区分。,全国城镇、不含在校生的三年龄组。,2023年GDP等旧值已可能修订，本源仅用于失业率口径起点；不用于当前GDP基期。
A_S09,国家统计局,关于完善分年龄组调查失业率有关情况的说明,https://www.stats.gov.cn/sj/zxfb/202401/t20240117_1946641.html,https://www.stats.gov.cn/sj/zxfb/202401/t20240117_1946641.html,2024-01-17,2026-09-15,2024年发布制度说明,制度说明,两项调整及末段发布方式,分年龄失业率剔除在校生，增加25—29岁；列16—24、25—29、30—59三个口径。,明确今后在国家统计局数据发布库按月发布。,全国城镇三年龄组；不能把组间简单平均当总体。,新旧年龄口径不可无标识拼接；总体城镇率是否含学生参A_S11。
A_S10,国家统计局,调查失业率的计算方法,https://www.stats.gov.cn/zs/tjws/zytjzbqs/tcsyl/202411/t20241115_1957491.html,https://www.stats.gov.cn/zs/tjws/zytjzbqs/tcsyl/202411/t20241115_1957491.html,2024-11-29,2026-09-15,方法解释,制度说明,一就业/失业/非劳动力、二定义原则,就业以参考周有报酬工作至少1小时等为准；失业同时满足无工作、近3个月找工作、2周内可上岗；分母为劳动力。,固定方法说明可重复定位，不是独立数据序列。,16岁及以上劳动力；不含退出求职的非劳动力。,失业率不足以表示工资、工时充分性或就业质量。
A_S11,国家统计局人口和就业统计司,在校学生是否纳入调查失业率：咨询公开,https://www.stats.gov.cn/hd/lyzx/zxgk/202406/t20240619_1955075.html,https://www.stats.gov.cn/hd/lyzx/zxgk/202406/t20240619_1955075.html,2024-05-08,2026-09-15,口径答复,制度说明,答复内容、答复日期,总体城镇失业率仍含符合就业或失业定义的在校生；新分年龄组率不含。,为2024调整后总体和分组口径差异提供官方明确答复。,总体城镇劳动力、在校/非在校。,网页路径为6月，答复日期为5月8日；不可把分组调整外推为总体排除全部学生。
A_S12,中国人民银行,中国人民银行公告〔2024〕第17号（文告）,https://www.pbc.gov.cn/chubanwu/fileDir/resource/cms/2025/06/2025062416082199683.pdf,https://www.pbc.gov.cn/chubanwu/fileDir/resource/cms/2025/06/2025062416082199683.pdf,2024-12-01,2026-09-15,M1自2025年1月起,口径公告,PDF第9页/印刷页7,新M1含M0、单位活期、个人活期及非银行支付机构客户备付金。,明确生效统计月份为2025年1月；月报A_S14说明2024逐月可比回溯。,全国货币统计。,发布公告时间、文件上传时间与生效报告月不同；不可比较旧M1余额和新M1余额。
A_S13,中国人民银行,狭义货币和广义货币,https://www.pbc.gov.cn/rmyh/109339/2025080818580470423/index.html,https://www.pbc.gov.cn/rmyh/109339/2025080818580470423/index.html,2025-03-10,2026-09-15,修订后定义,术语说明,术语表正文,当前M1含单位及个人活期与客户备付金；M2在M1外还含定期等存款。,术语页与公告A_S12、月报A_S14相互核对。,全国货币持有部门。,M1/M2是金融资产存量，不能直接读作当期支出。
A_S14,中国人民银行；中国政府网托管,2025年8月金融统计数据报告（国务院客户端转载央行原文）,https://app.www.gov.cn/govdata/gov/202509/12/536583/article.html,https://app.www.gov.cn/govdata/gov/202509/12/536583/article.html,2025-09-12,2026-09-15,2025年8月末、1—8月,月度,一货币、二贷款、三存款、四利率；注1—4,明确余额与累计新增；企事业贷款包含非金融企业和机关团体；2023年金融统计增纳三类非存款机构；M1新口径含2024回溯说明。,月报结构及2024各月可比M1表的存在已经核验，回溯表为图片，本轮不抄未辨读数值。,全国；住户短/中长期，企事业短/中长期和票据，非银；存款部门。,官方转载原文而非央行原站地址；数据初步；不得把存量差无条件等同累计新增。
A_S15,中国人民银行,2025年8月社会融资规模增量统计数据报告,https://www.pbc.gov.cn/diaochatongjisi/116219/116225/523c260b344c4f1390664430295064a9/index.html,https://www.pbc.gov.cn/diaochatongjisi/116219/116225/523c260b344c4f1390664430295064a9/index.html,2025-09-12,2026-09-15,2025年1—8月,月度累计,正文、注1—2,增量衡量期间实体经济从金融体系获得资金；不同分项含贷款新增、债券净融资等。,月度栏目已访问；报告有同比同期间对照；A_S17另核验全年表。,全国；人民币/外币贷款、委托信托、未贴现票据、企业债政府债、境内股票。,2023年统计扩围；政府债已在社融，不得另加；社融含非债务及核销，非债务余额概念。
A_S16,中国人民银行；中国政府网托管,2025年8月社会融资规模存量统计数据报告（国务院客户端转载）,https://app.www.gov.cn/govdata/gov/202509/12/536584/article.html,https://app.www.gov.cn/govdata/gov/202509/12/536584/article.html,2025-09-12,2026-09-15,2025年8月末,月度,正文两段、注1—2,期末实体经济从金融体系获得资金余额；公开各分项及结构占比。,与A_S15同时发布的独立存量报告；A_S17含年末存量表。,全国；各融资工具、政府与非金融企业境内股票。,不等于全社会债务；核销和口径变动使增量与存量差不必相等。
A_S17,中国人民银行货币政策分析小组；商务部托管,2025年第四季度中国货币政策执行报告（商务部托管央行原文PDF）,https://cif.mofcom.gov.cn/cif/html/upload/20260211143114167_2025%E5%B9%B4%E7%AC%AC%E5%9B%9B%E5%AD%A3%E5%BA%A6%E4%B8%AD%E5%9B%BD%E8%B4%A7%E5%B8%81%E6%94%BF%E7%AD%96%E6%89%A7%E8%A1%8C%E6%8A%A5%E5%91%8A.pdf,https://cif.mofcom.gov.cn/cif/html/upload/20260211143114167_2025%E5%B9%B4%E7%AC%AC%E5%9B%9B%E5%AD%A3%E5%BA%A6%E4%B8%AD%E5%9B%BD%E8%B4%A7%E5%B8%81%E6%94%BF%E7%AD%96%E6%89%A7%E8%A1%8C%E6%8A%A5%E5%91%8A.pdf,2026-02-10,2026-09-15,2025年全年、12月或年末依表,季度报告，部分月度观测,印刷页3—7表1—7；页9公开市场；页25货币市场,表3为12月新发放贷款加权利率；表6为年末贷款及全年新增；表7分别列社融存量和增量，含核销；公开市场7天逆回购为政策利率。,表4—5列2025年逐月数据，表3有上季末/上年末比较；执行报告定期发布。,全国；贷款/存款部门、机构类型；贷款产品、融资工具。,托管副本为原文PDF；正文四舍五入数与表格精度不同；季度报告中的12月利率不是全年平均。
A_S18,北京市统计局、国家统计局北京调查总队,北京市2023年国民经济和社会发展统计公报,https://tjj.beijing.gov.cn/zxfbu/202403/t20240319_3594001.html,https://tjj.beijing.gov.cn/zxfbu/202403/t20240319_3594001.html,2024-03-21,2026-09-15,2023年全年及年末,年度,一综合、五金融、七消费、十人民生活,北京原文公开GDP、平均失业率、社零、人民币存贷款及城乡居民收支；按对应段落实体范围解读。,图题显示2019—2023年GDP/社零/收入；本轮未抄图片序列。,北京一个省级样本；GDP43760.7亿元、社零14462.7亿元、人民币贷款10.9万亿元等。,单省样本不能证明31省可得；北京直辖市不能冒充地级覆盖；2023经济数据后续可能修订。
A_S19,国家统计局,国家统计局新闻发言人就2023年7月份国民经济运行情况答记者问,https://www.stats.gov.cn/sj/sjjd/202308/t20230815_1942020.html,https://www.stats.gov.cn/sj/sjjd/202308/t20230815_1942020.html,2023-08-15,2026-09-15,2023年7月发布、8月宣布停发,发布制度说明,开场通报、彭博社提问及答复,8月发布会宣布暂停青年等分年龄城镇调查失业率，整体率统计不受此暂停影响。,与2024年1月恢复发布说明A_S09及2023年12月首值A_S08构成断点证据。,全国城镇分年龄失业率。,停发发生于发布日2023年8月，不能误写为2023年8月报告值仍连续存在；缺失不可填零。
A_S20,国家统计局,2026年1—2月份社会消费品零售总额增长2.8%,https://www.stats.gov.cn/sj/zxfb/202603/t20260316_1962786.html,https://www.stats.gov.cn/sj/zxfb/202603/t20260316_1962786.html,2026-03-16,2026-09-15,2026年1—2月,月度（1—2月合并）、累计,正文及附注6指标调整说明,网上总额扩大服务平台范围，新旧总额不可比；网上商品由原实物商品网上零售额改名，内涵及范围不变；新增网上服务。,2026年1—2月新表及修订说明已读，延续月度发布；总额新口径不反推旧值。,全国网上商品、网上服务及合计；吃穿用商品类。,改名与扩围两种情况必须区别；同比采用发布者可比口径；2025季调历史又修订。
A_S21,中国人民银行,公开市场业务交易公告〔2025〕第154号,https://www.pbc.gov.cn/zhengcehuobisi/125207/125213/125431/125475/5806970/index.html,https://www.pbc.gov.cn/zhengcehuobisi/125207/125213/125431/125475/5806970/index.html,2025-08-12,2026-09-15,2025年8月12日,操作日,公告正文及操作结果表,7天逆回购利率1.40%，当日投标量和中标量均1146亿元；固定利率、数量招标。,操作公告按实际操作日发布；A_S17提供2025年5月利率变动的政策记录。,全国央行公开市场操作。,当日操作量不是净投放；未核验完整每日历史档案。
A_S22,中国人民银行,中国人民银行有关负责人就完善贷款市场报价利率形成机制答记者问,https://www.pbc.gov.cn/goutongjiaoliu/113456/113469/2025092212550010243/index.html,https://www.pbc.gov.cn/goutongjiaoliu/113456/113469/2025092212550010243/index.html,2019-08-17,2026-09-15,2019年LPR形成机制改革,制度说明,问答关于报价方式、期限品种和首次发布时间,改革由每日报价改每月20日、节假日顺延；增加5年期以上期限；2019年8月20日首次按新机制发布。,明确LPR月度发布及2019年8月断点；可在央行或中国货币网查询。,1年期和5年期以上LPR。,页面URL为迁移路径，不是发布日期；文中报价行数量、发布时间和定价锚为2019规则，不断言其后全部未变。
A_S23,中国人民银行,货币供应量：2024年1—10月表及数字人民币统计附注,https://www.pbc.gov.cn/eportal/fileDir/diaochatongjisi/resource/cms/2024/11/2024111416041159339.htm,https://www.pbc.gov.cn/eportal/fileDir/diaochatongjisi/resource/cms/2024/11/2024111416041159339.htm,,2026-09-15,2024年1—10月及2022年修订说明,月度,货币供应量表及注1,自2022年12月M0纳入流通中数字人民币；2022年末数字人民币136.1亿元；表中M0、M1、M2单位为亿元。,实际列2024年1—10月数值，11—12月空白；附注列2022年M0修订后月度增速。,全国货币供应量。,2024年M1表为旧定义，不能作2025新口径回溯；空白不等于零；页面未显示独立发布日期。
A_S24,中国人民银行,2018年金融统计数据报告,https://www.pbc.gov.cn/diaochatongjisi/116219/116225/370befa3ce2042dfbc414b74f3b397b7/index.html,https://www.pbc.gov.cn/diaochatongjisi/116219/116225/370befa3ce2042dfbc414b74f3b397b7/index.html,2019-01-15,2026-09-15,2018年12月末及全年,月度、年度,正文一至四；注2、注4,2018年M2中货币市场基金银行存款及存单，改由非存款机构部门持有的货币市场基金替代；2015年起存贷款纳入非银金融机构相关资金。,2018年末及全年数值原文；说明2017年M2可比增速另有修订表。,全国金融机构存贷款与货币统计。,历史M2调整不能省略；2017修订表图片本轮未抄数；2015金融统计扩围不同于社融边界。
A_S25,国家统计局,2026年1月份居民消费价格同比上涨0.2%,https://www.stats.gov.cn/zwfwck/sjfb/202602/t20260211_1962588.html,https://www.stats.gov.cn/zwfwck/sjfb/202602/t20260211_1962588.html,2026-02-11,2026-09-15,2026年1月,月度,主要数据表、附注1—5,CPI为居民消费品和服务价格变化；表列总CPI、服务及扣食品能源的同比/环比；抽样调查31省约500市县近12万网点，8大类268基本类。,从2026年1月使用2025基期，每五年轮换；方法、样本、分类和权数均有更新。,全国；城市/农村；消费品/服务；食品/非食品；核心；8大类及部分细项。,同比/环比是不同对比期；未证明全部省市分项公开；价格网点原始微观价格未公开归档；不是居民购买数量。
A_S26,国家统计局,2026年1月份工业生产者出厂价格同比降幅收窄 环比涨幅扩大,https://www.stats.gov.cn/zwfwck/sjfb/202602/t20260211_1962587.html,https://www.stats.gov.cn/zwfwck/sjfb/202602/t20260211_1962587.html,2026-02-11,2026-09-15,2026年1月,月度,主要数据表一二三；附注1—6,PPI衡量工业产品第一次出售价格，购进指数衡量中间投入购入价格；重点与典型调查结合，涉及4万多工业企业；出厂41行业1300多基本类，购进9类800多基本类。,每月原值表及同比环比；2026年1月PPI开始2025基期，分类、企业、规格品、权数更新。,全国；生产/生活资料；表列主要工业行业；购进9大类。,调查覆盖41行业不等于本表给出全部41行；同比−1.4%不代表价格绝对值；基期轮换影响不能机械逐月扣0.08个百分点。
A_S27,国家统计局,2025年12月份居民消费价格同比上涨0.8%,https://www.stats.gov.cn/zwfwck/sjfb/202601/t20260109_1962273.html,https://www.stats.gov.cn/zwfwck/sjfb/202601/t20260109_1962273.html,2026-01-09,2026-09-15,2025年12月及全年,月度、年度平均,主要数据表；附注1—4,表同时列当月环比、同比及2025全年涨跌幅；总体分别0.2%、0.8%、0.0%；核心0.2%、1.2%、0.7%；服务0.0%、0.6%、0.5%。,与2026年1月新基期月报形成已核验相邻发布版本。,全国、城市/农村、服务/商品、核心、消费分类。,全年涨幅不是12月同比；旧基期分类名称与2026部分名称不同，不能忽略版本。
A_S28,国家统计局,国家统计局城市司负责人就CPI等价格指数基期轮换有关情况接受中国信息报专访,https://www.stats.gov.cn/sj/zxfbhjd/202602/t20260211_1962589.html,https://www.stats.gov.cn/sj/zxfbhjd/202602/t20260211_1962589.html,2026-02-11,2026-09-15,2025基期轮换及2026年实施,方法说明,问1—5、CPI权数表,定基权数不同于随比较期价格变化的同比/环比权数；2025全年按新规格品采价并重算比较基准；新一轮约12万网点62万规格品。,明确由2020基期转2025基期，五年轮换；总体同比平均影响CPI约0.06、PPI约0.08个百分点。,CPI八大类及部分食品基期权重，新增出行服务衍生分类。,轮换平均影响不是每个月固定调整项；公布的基期权重不能直接代替月度同比权重重算贡献；新基期回溯不能自行臆造。
A_S29,国家统计局,十四、价格统计（13）：价格数据查询及指数解释,https://www.stats.gov.cn/hd/cjwtjd/202302/t20230207_1902269.html,https://www.stats.gov.cn/hd/cjwtjd/202302/t20230207_1902269.html,2023-10-09,2026-09-15,价格统计方法说明,月度发布制度,问1、3、4、5,同比指数以上年同月为100；环比以上月为100；累计平均以上年同期均价为100；链式环比可连续相乘而非涨幅相加。,明确CPI/PPI月度新闻稿和国家数据查询途径；当时2020基期表述由A_S28更新。,全国价格指数；其他地区或小类须按实际数据库逐项验证。,不能把该旧问答的当前基期当2026口径；同比指数100.2不表示固定2025基期指数或价格绝对金额。
B_S01,国家统计局,2025年全国规模以上工业企业利润增长0.6%,https://www.stats.gov.cn/sj/zxfb/202601/t20260127_1962382.html,https://www.stats.gov.cn/sj/zxfb/202601/t20260127_1962382.html,2026-01-27,2026-09-15,2025年、2025年末,月度（1月免报）,正文、表1—3、附注一至五,附注明确利润、营业收入、成本、资产负债、应收账款、产成品及财务比率计算；调查对象年主营业务收入2000万元及以上工业法人。,原文说明按月全面调查、上年同期可比基数调整；本次核验2025全年及上年增速，不宣称已逐年下载。,全国；表1及表2有三大门类和经济类型；表3有行业收入、成本、利润。,财务存量细分未在本页正文取得；年度样本进退、统计执法、去重导致两版原值不可直接算同比；企业类型交叉。
B_S02,国家统计局,2025年全国固定资产投资基本情况,https://www.stats.gov.cn/sj/zxfb/202601/t20260119_1962326.html,https://www.stats.gov.cn/sj/zxfb/202601/t20260119_1962326.html,2026-01-19,2026-09-15,2025年,月度（1月免报）,主要数据表、附注1—8,统计计划总投资500万元及以上固定资产项目及全部房地产开发项目；金额表达工作量及相关费用；增速未扣除价格。,附注给出按月调查及2024年12月以来环比修订表；本次并已访问2025年1—9月发布。,全国、三次产业、部分行业、登记注册类型和四大区域；未提供31省逐省值。,FAI不是支出法资本形成；可比基数随经济普查、制度方法和执法修订；细类多数只公开增速。
B_S03,国家统计局,2025年全国房地产市场基本情况,https://www.stats.gov.cn/xxgk/sjfb/zxfb2020/202601/t20260119_1962324.html,https://www.stats.gov.cn/xxgk/sjfb/zxfb2020/202601/t20260119_1962324.html,2026-01-19,2026-09-15,2025年、2025年末,月度（1月除外）,正文一至三、表1—3、附注1—6,新房销售按合同面积和价款；待售仅指竣工可售租房屋；到位资金为实际用于开发的资金；施工是期间曾施工面积。,明确按月全面调查；并核验2025年1—10及1—11月发布链接，支持持续机制。,全国全部有开发经营活动的房地产法人；表1住宅、办公楼、商业营业用房；投资销售有四区域。,不含二手房成交全貌、全部存量空置、隐性停工；本轮未核验逐省及地级连续全覆盖。
B_S04,财政部国库司,2025年财政收支情况,https://bgt.mof.gov.cn/zhuantilanmu/rdwyh/czszsj/202601/t20260130_3982923.htm,https://bgt.mof.gov.cn/zhuantilanmu/rdwyh/czszsj/202601/t20260130_3982923.htm,2026-01-30,2026-09-15,2025年,月度累计、年度,一、一般公共预算；二、政府性基金预算,分一般公共预算和政府性基金预算列收支；地方本级收入与中央本级区分；土地收入列在地方基金预算内。,财政收支栏目具有月度发布序列；本页为全年执行快报，后续预算报告与决算会修订。,全国、中央、地方合计；列税收/非税、功能支出和土地收入。,执行数非决算；全国收支差额不是官方赤字；基金收入不含债务筹資等收入总量项目；未核验31省。
B_S05,财政部政府债务管理司,2025年12月地方政府债券发行和债务余额情况,https://zwgls.mof.gov.cn/tjsj/202601/t20260130_3983021.htm,https://zwgls.mof.gov.cn/tjsj/202601/t20260130_3983021.htm,2026-01-30,2026-09-15,2025年12月及全年、年末,月度,一（一）至（三）、二、脚注1—6,区分新增/再融资、一般/专项；发行按成功发行日、付息按起息日统计；余额系地方报送执行数据。,核验2025年12月及2026年6月发布搜索结果，原页提供累计与当月；持续月报机制。,全国及一般/专项；省级细分另见同页附表B_S06。,债券和债务范围有非债券形式差别；再融资不等于新增支出；余额可能受统计更新及置换影响。
B_S06,财政部政府债务管理司,附表：2025年12月地方政府债券发行和还本付息情况,https://zwgls.mof.gov.cn/tjsj/202601/P020260130707277077220.pdf,https://zwgls.mof.gov.cn/tjsj/202601/P020260130707277077220.pdf,2026-01-30,2026-09-15,2025年12月及全年,月度附件,PDF第1页附表1、第2页附表2、第3页附表3,表1当月发行、表2全年发行、表3本金和利息；一般专项、新增再融资分栏，亿元取整。,2025年12月月报固定附件结构；不由单份附件推定历史31省各期均齐全。,31个省级行政区域列示，并列大连、宁波、厦门、青岛、深圳及所在省地区行。,省与计划单列市不可重复相加；空白不能自行填零；未对每期、每行总分项勾稽作连续审计。
B_S07,财政部,关于2025年中央和地方预算执行情况与2026年中央和地方预算草案的报告,https://www.mof.gov.cn/zhengwuxinxi/caizhengxinwen/202603/t20260316_3985331.htm,https://www.mof.gov.cn/zhengwuxinxi/caizhengxinwen/202603/t20260316_3985331.htm,2026-03-16,2026-09-15,2025年执行、2026年预算,年度,一（一）一般公共预算、（二）政府性基金、年末债务说明,收支总量另含调入、结余、债务等；国债和地方一般专项债务分别披露；明确地方债含置换存量隐性债务用途。,全国两会预算报告年度机制；与1月快报和6月决算公开值交叉核对。,全国、中央和地方合计；四本预算。,2025执行数与2026预算数需严格分列；地方债余额不能代表全部隐性债务；全国债务风险不能由余额单独决定。
B_S08,财政部,国务院关于2025年中央决算的报告,https://www.mof.gov.cn/zhengwuxinxi/caizhengxinwen/202606/t20260629_3992419.htm,https://www.mof.gov.cn/zhengwuxinxi/caizhengxinwen/202606/t20260629_3992419.htm,2026-06-29,2026-09-15,2025年、年末,年度,一（一）一般公共预算决算与债务段落；一（二）基金预算,中央支出拆本级与对地方转移；公布国债、地方债余额与还本；说明执行转决算的据实结算调整。,2025中央决算对比同年执行数，明确6月最终核算阶段；年度人大常委会审查机制。,中央财政决算、全国地方债汇总；非31省财政决算全表。,中央决算报告不等于全国各预算完整决算库；地方债2025余额548231.96亿元区别3月548230.82亿元。
B_S09,国家金融监督管理总局统计与风险监测司,2025年商业银行主要监管指标情况表,https://www.nfra.gov.cn/cn/view/pages/ItemDetail.html?docId=1208453&itemId=954&generaltype=0,https://www.nfra.gov.cn/cn/view/pages/ItemDetail.html?docId=1208453&itemId=954&generaltype=0,2026-02-12,2026-09-15,2025年四个季度,季度,公开附件2025年商业银行主要监管指标情况表.xls，行6—51,附件列五级贷款、贷款准备、利润、资本、风险加权资产和比率；2016存贷比境内化、2019纳入邮储、2024新资本办法、LCR规模门槛均有脚注。,本附件实际含2025四季数据；年度页面滚动更新，必须保存抓取日和文件指纹。,全国商业银行汇总；机构分组见B_S10；LCR/NSFR仅资产规模2000亿元以上。,web访问正文/附件未成功解析；已用官方公开API定位并以HTTP读取原始xls，xlrd核验单元格。证据为选行提取非完整原件归档。
B_S10,国家金融监督管理总局,2025年商业银行主要指标分机构类情况表,https://www.nfra.gov.cn/cn/view/pages/ItemDetail.html?docId=1208455&itemId=954&generaltype=0,https://www.nfra.gov.cn/cn/view/pages/ItemDetail.html?docId=1208455&itemId=954&generaltype=0,2026-02-12,2026-09-15,2025年四个季度,季度,原始xls表头及四季度行38—51,按大型、股份制、城市、民营、农村商业及外资银行分组；外资银行资本充足率不含外国银行分行。,附件实际包含一至四季度；脚注说明2019邮储分类及2024资本断点。,六类商业银行；仅披露不良、ROA、拨备覆盖、资本充足、流动性、净利润、净息差等列。,总局网页动态加载，以公开API和原始附件读取；不能由机构分类推广为省级覆盖。
B_S11,国家金融监督管理总局；中国财务公司协会转载,2025年四季度银行业保险业主要监管指标数据情况（监管原文转载）,https://www.cnafc.org/cnafc/front/detail.action?id=75C66E07C8A740EB8AC3B9580BB8FCE1,https://www.cnafc.org/cnafc/front/detail.action?id=75C66E07C8A740EB8AC3B9580BB8FCE1,2026-02-26,2026-09-15,2025年四季度及全年,季度,三至五、脚注1—4、附件链接,商业银行法人口径；五级贷款前两类正常、后三类不良；2024资本口径变更；LCR覆盖门槛。,正文链接总局2025年度滚动统计表并报告季度比较，非单独依赖新闻摘要。,全国商业银行，部分大型/股份制和保险机构分类。,转载用于可读正文与脚注复核，正式数依B_S09—10原始附件；本页日为转载日期。
B_S12,国家金融监督管理总局；司法部规章库,商业银行资本管理办法,https://www.moj.gov.cn/pub/sfbgw/flfggz/flfggzbmgz/202409/t20240909_505612.html,https://www.moj.gov.cn/pub/sfbgw/flfggz/flfggzbmgz/202409/t20240909_505612.html,2023-10-26,2026-09-15,2024年1月1日起施行,制度变更时,第五条、第七条、第二章,资本充足率按合规资本净额/风险加权资产；核心一级资本同理；监管资本扣除及底线并非会计资产净额。,2025监管表脚注直接引用2024生效新办法，证实当期口径。,境内依法设立商业银行；资本并表与未并表范围另定。,web页面遇重定向；通过HTTP读到官方规章正文。用于指标定义，不把单一监管阈值当系统风险判断。
B_S13,原中国银保监会；商务部法规库,商业银行流动性风险管理办法,https://policy.mofcom.gov.cn/claw/clawContent.shtml?id=64650,https://policy.mofcom.gov.cn/claw/clawContent.shtml?id=64650,2018-05-23,2026-09-15,2018年7月1日起施行,制度变更时,第三十七至四十三条、第四十七条、附件,LCR合格优质流动性资产/未来30日净现金流出；NSFR可用稳定资金/所需稳定资金；流动性比例定义另列。,商务部法规页列文号2018年第3号及实施日期；2025监管表门槛与之匹配。,商业银行；大于等于2000亿元与较小机构适用指标不同。,本条为计量定义；公开汇总表的门槛文字为2000亿元以上，应服从具体统计脚注；不公开全国原始现金流出分母。
B_S14,财政部,关于印发《金融企业准备金计提管理办法》的通知,https://jrs.mof.gov.cn/zhengcefabu/cwjx/202006/t20200602_3524593.htm,https://jrs.mof.gov.cn/zhengcefabu/cwjx/202006/t20200602_3524593.htm,2012-04-17,2026-09-15,制度定义,制度变更时,第三条,区分资产减值准备与一般准备；不良贷款拨备覆盖率分子为贷款损失准备，分母不良贷款余额。,网页署发文日期2012-03-30，发布日2012-04-17，2012-07-01施行；仅作准备和比率概念交叉核验，具体统计用当期监管表。,适用的金融企业范围大于商业银行统计范围。,不能把一般准备与贷款损失准备加总后套用监管表；本文不用于认定2026单家银行监管要求。
B_S15,国家外汇管理局,国家外汇管理局公布2025年四季度及全年我国国际收支平衡表,https://www.safe.gov.cn/safe/2026/0327/27297.html,https://www.safe.gov.cn/safe/2026/0327/27297.html,2026-03-27,2026-09-15,2025年第四季度及全年,季度、年度,全年概览表行1—40、脚注1—8,BPM6；贷方正借方负，差额为两者之和；金融账户含储备；季度人民币按当季平均汇率折算再累加。,本次修订2019年以来各季，声明最新以统计数据栏目为准；2025年新增收益、部门和期限细项。,全国居民与非居民交易；概览功能账户，本页不提供31省及行业。,金融账户符号不能按旧版反转；直接投资负债净流量与商务部实际使用外资不同；不由差额推断资本外逃。
B_S16,国家外汇管理局,国家外汇管理局公布2025年末我国国际投资头寸表,https://www.safe.gov.cn/safe/2026/0327/27298.html,https://www.safe.gov.cn/safe/2026/0327/27298.html,2026-03-27,2026-09-15,2025年末,季度,概览表资产、负债、净头寸及说明,净头寸=对外金融资产−对外负债；直接/证券/衍生/其他/储备分列，股权与债务工具分列。,本次修订2024年以来各季；2025年末新增部门与期限数据。,全国；直接投资分金融和非金融部门，其他投资按工具。,包含股权的对外负债不是外债；头寸变动含汇率价格等估值不能当资本流量；净资产不代表所有部门流动性充足。
B_S17,国家外汇管理局,国家外汇管理局公布2025年末中国全口径外债数据,https://www.safe.gov.cn/safe/2026/0327/27301.html,https://www.safe.gov.cn/safe/2026/0327/27301.html,2026-03-27,2026-09-15,2025年末,季度,正文期限/部门/币种段；附表及脚注,含本外币，对非居民偿还义务；不含港澳台自身外债；短长按签约期限；部门工具分列。,2025年末起健全修订机制；时间序列入口B_S18明示2014年12月末以来。,全国；广义政府、央行、其他存款公司、其他部门、直接投资公司间贷款。,签约短期不能替代剩余期限一年到期债务；本币外债仍是外债；债务率国际参考线不足以单独判安全。
B_S18,国家外汇管理局,中国全口径外债情况表时间序列数据（2014年12月末以来）,https://www.safe.gov.cn/safe/2018/0329/8810.html,https://www.safe.gov.cn/safe/2018/0329/8810.html,2026-06-26,2026-09-15,2014年12月末以来（标题口径）,季度滚动更新,中国外债栏目附件入口,页面列全口径外债时间序列附件；具体部门与期限解释采用B_S17。,实际打开页面核实标题、2026-06-26更新日和附件，不声称逐个历史单元格验证。,全国时间序列入口。,本轮未逐期检查附件完整性；2025原值样例采用3月版本，使用时应检查6月修订。
B_S19,国家统计局（货物贸易数据来源海关总署）,中华人民共和国2025年国民经济和社会发展统计公报,https://www.stats.gov.cn/sj/zxfb/202602/t20260228_1962662.html,https://xzfg.moj.gov.cn/front/law/detail?LawID=700,2026-02-28,2026-09-15,2025年,年度,七、对外经济，表10—13；注释与资料来源,货物贸易统计与服务贸易分列，表10一般/加工贸易及产品分类；资料来源明确货物贸易来自海关总署。,公报图示近年序列；2025月报原值对比公报有小额修订，不混用。,全国；主要商品和伙伴、部分企业性质/贸易方式。,不将商品分类等同国民经济行业；伙伴不是省份；2025出口1月发布269892亿元、公报269890亿元。
B_S20,国务院；司法部国家行政法规库,中华人民共和国海关统计条例,https://xzfg.moj.gov.cn/front/law/detail?LawID=700,https://xzfg.moj.gov.cn/front/law/detail?LawID=700,2022-03-29,2026-09-15,现行修订文本,制度变更时,第四至十三条、第十七条,按实际进出境引起境内物质存量变化货物统计；进口到岸、出口离岸；国家、货源地、贸易方式、时间均有定义。,第十七条规定定期公开制度；原文提供2005公布、2022修订沿革。,海关统计地域与货物口径；不是居民所有权转换口径。,不能与BPM6货物、国民核算净出口直接替换；属定义来源，未替代逐省统计表验证。
C_S01,国家统计局、科学技术部、财政部,2024年全国科技经费投入统计公报,https://www.stats.gov.cn/zwfwck/sjfb/202509/t20250929_1961429.html,https://www.stats.gov.cn/zwfwck/sjfb/202509/t20250929_1961429.html,2025-09-29,2026-09-15,2024年；2023年强度修订值,年,一、研发经费；二、财政科技支出；附表1、2；附注1—3,研发经费为报告期实施研发实际发生支出；基础、应用、试验发展分别定义；工业强度分母营业收入，全社会强度分母GDP。统计范围及全面/抽样/重点/资料推算法明确。,已核验2024值、2023修订强度；年鉴2025表20-1有2020—2024原值；统计局科技经费公报栏目存在历年发布。,附表2逐行列31省研发经费、强度；附表1列规上工业行业；正文列企业、政府研究机构、高校执行主体。,2024 GDP为初核；2023 GDP五经普后修订影响强度。财政科技支出包含其他功能科目用于科技部分，不能仅用一般公共预算科学技术科目代替。
C_S02,国家统计局,中华人民共和国2025年国民经济和社会发展统计公报,https://www.stats.gov.cn/sj/zxfb/202602/t20260228_1962662.html,https://www.stats.gov.cn/sj/zxfb/202602/t20260228_1962662.html,2026-02-28,2026-09-15,2025年,年,第一、九、十、十二部分及注1、4—6、63—64、70—71、88,全员劳动生产率按2020价GDP/全部就业人员；全国人口含31省和现役军人，不含境内港澳台及外籍人员；五等份按调查户人均收入排序分组；高价值发明专利符合五种条件之一；能耗下降指标扣除原料用能和非化石能源。,全国年度统计公报目录已读，列2011—2025年度；本文多个图列2021—2025但本轮不转录未目视图值。,本次直接核验全国；人口有城乡/性别/年龄、专利有境内、社保按险种，收入五组。不能因国家样本覆盖各地声称地级指标全覆盖。,注1明确初步统计。医保有2026-07正式公报修订；此文医疗参保数只作快报版本记录。GDP与人口修订会改写比率。
C_S03,教育部,2025年全国教育事业发展统计公报,https://hudong.moe.gov.cn/jyb_sjzl/sjzl_fztjgb/202607/t20260706_1442870.html,https://hudong.moe.gov.cn/jyb_sjzl/sjzl_fztjgb/202607/t20260706_1442870.html,2026-07-06,2026-09-15,2025年,年,综合、义务教育、高等教育；注1—5、25—29,各级学校不含军事院校和人社部门技工学校；毛入学/入园与适龄人口分母不同于净入学率；义务巩固率是同届初中毕业班与入小学一年级学生之比；高校生师比为折合在校生/专任教师。,教育部公报目录检索见历年条目；直接核验2025公报，年鉴表21-13已目视高教毛率1995—2024与义务巩固率2010—2024序列。2024教育公报直接web访问超时，未将搜索结果冒充原文核验。,全国各教育层次、普通本科/职业本科/高职及硕博；无本次已读31省统一表。,教育部中职范围与综合公报含技工学校的中职不同；毛入学率不直接衡量教学质量；公报民办义务学生占比存在待核实分母疑点，该项未纳入。
C_S04,国家统计局,2025年居民收入和消费支出情况,https://www.stats.gov.cn/sj/zxfb/202601/t20260119_1962321.html,https://www.stats.gov.cn/sj/ndsj/2025/html/zb06.pdf,2026-01-19,2026-09-15,2025年,季（累计）、年,第一部分；表1、2；附注调查方法和指标解释,收入中位数按调查户人均收入排序；住户收支为16万户调查加权，分城乡按常住地；季度不含自产自用部分，全年包含。四类收入详细定义参见C_S12。,原文明确按季度发布；年鉴指标解释说明2012年四季度城乡一体化改革及1978—2012可比口径推算。,全国、城镇、农村中位数及四类收入；调查涉及31省不代表公开31省五等份表。,城乡人口迁移改变构成；中位数按户排序不能当个人工资中位数；四类收入占比不是国民账户要素份额。
C_S05,国家知识产权局,知识产权统计数据公开查询指引（2024版）,https://www.cnipa.gov.cn/art/2024/11/26/art_88_196286.html,https://www.cnipa.gov.cn/art/2024/11/26/art_88_196286.html,2024-11-26,2026-09-15,截至2023年度的查询体系,月、年,一至四；表1—4及历史数据链接,月报授权/有效量按国内外、权利人类型；年报另列地区/IPC；有效量历史起于2006，申请授权起于1985。,原文给出1985—2023申请授权、2006—2023有效、2011—2023 PCT历史表链接及每月/每年发布机制。,确认有分省、申请人类型、IPC表目录；本轮未逐表读取，不能宣称当年全部细分值已核验。,指引为发布机制证据，不代替2025原值；IPC分类不能直接当国民经济行业分类。
C_S06,国家知识产权局,2025年中国专利调查报告,https://www.cnipa.gov.cn/art/2026/4/1/art_88_205590.html,https://www.cnipa.gov.cn/module/download/downfile.jsp?classid=0&filename=8e0b75d761dd47fdb55f998802fa4219.pdf,2026-04-01,2026-09-15,2025年调查；抽样框截至2024年底；2021—2025比较,年,PDF印刷页22—29、82—84、91—97、163—164（PDF页+7）,产业化率：生产出产品并投放市场的专利占有效专利；专利收益自转化运用日至调查日累计，不是单年利润。分层加权调查，有效企业样本12439、专利34461；样本涉及27省。,报告前言明确年度调查；第三部分直接给2021—2025连续数据；产业化平均收益2021首次测算。,有效专利企业；大型/中型/小型/微型，部分国民经济行业及东中西东北/重点区域；不覆盖无专利企业，高校科研院所不是本年调查对象。,涉及27省不等于公开27省完整结果；调查选择和专利年龄影响收益；平均收益不能除当年研发得到ROI。
C_S07,国家医疗保障局,2025年全国医疗保障事业发展统计公报,https://www.nhsa.gov.cn/art/2026/7/16/art_7_21451.html,https://www.nhsa.gov.cn/art/2026/7/16/art_7_21451.html,2026-07-16,2026-09-15,2025年,年,一基本医保；二生育；三救助；七长期护理；说明,职工和城乡居民分制度；职工基金含生育，统筹/个人账户分开；住院费用目录内支付比例分医院级别；医疗救助资助参保人数不含其他部门资助。,图题列2020—2025；已访问2024公报、2025快报和2025正式公报。,全国、职工/居民、在职/退休、医院等级；企业/机关事业/灵活就业仅参保人数细分。,正式公报医保参保133069.39万人、基金收入35921.32亿元、支出30055.19亿元，与3月快报略异，应保存版本。2025长护险扩大到所有实施地区，2023生育待遇人次加入产检，不拼接为同口径增长。
C_S08,交通运输部,2025年交通运输行业发展统计公报,https://xxgk.mot.gov.cn/jigou/zhghs/202606/t20260618_4207752.html,https://xxgk.mot.gov.cn/jigou/zhghs/202606/t20260618_4207752.html,2026-06-22,2026-09-15,2025年,年,一基础设施；注释1—6,铁路营业、公路、内河通航均年末里程；营运货运不含管道，跨区域流动不含城市内客运，城市客运另列。,本文图题明确2021—2025铁路/公路等序列；年度行业公报。,全国按运输方式；公路有技术和行政等级，航道有等级；本轮未核验省或城市里程统一表。,里程是物理供给量，不能证明可达性、利用率或投资收益；路网统计口径可能调整，公路客运增速按可比口径。
C_S09,国家能源局,国家能源局发布2025年全国电力统计数据,https://www.nea.gov.cn/20260129/6874f211acd0417eab7ac10c3061a7c2/c.html,https://www.nea.gov.cn/20260129/6874f211acd0417eab7ac10c3061a7c2/c.html,2026-01-29,2026-09-15,2025年末、2025全年,月（累计）、年,正文及全国电力统计数据一览表,装机为截至统计月累计装机；平均利用小时正文范围全国6000千瓦及以上电厂；表内▲是百分点、*是绝对量。,能源局栏目已见2025年1—11月、全年等月度发布；本页给全年及同比。,全国装机按水电/火电/核电/风电/太阳能；平均利用小时本页只给总值；不推断分能源利用小时完整连续公开。,装机是容量而非供电量；新增低利用小时机组改变总平均，不能把下降全部归因于需求弱。
C_S10,国家统计局,中国统计年鉴2025：表2-11分地区人口年龄构成和抚养比（2024年）,https://www.stats.gov.cn/sj/ndsj/2025/html/C02-11.jpg,https://www.stats.gov.cn/sj/ndsj/2025/html/zb02.pdf,,2026-09-15,2024年,年,表头说明、全国行及31省；人口指标解释p46,表内人口为2024人口变动抽样调查样本数，抽样比1.028‰；总抚养比=(0—14+65岁以上)/15—64；单位样本人数为人。,年鉴为年度序列；本轮只目视2024该表，不声称已核验历年省表。,全国样本及31省样本、0—14/15—64/65+，列总/少儿/老年抚养比。,绝不能把1447437人全国样本数当全国人口；此处劳动年龄15—64与综合公报16—59不同。
C_S11,国家统计局,中国统计年鉴2025：科技活动基本情况及科学技术指标解释,https://www.stats.gov.cn/sj/ndsj/2025/html/C20-01.jpg,https://www.stats.gov.cn/sj/ndsj/2025/html/zb20.pdf,,2026-09-15,2020—2024年,年,表20-1；科学技术解释p651—652,研发人员全时当量是实际研发时间折合人年；研发人员含直接管理服务而不含间接服务；内部研发支出剔除转拨外单位经费。,已目视表20-1的2020—2024数据；专利申请2017起由受理数改为申请数脚注；GDP分母用最新核实数据修订。,全国、基础/应用/试验发展，R&D资金来源政府/企业；本次没有31省全社会FTE表。,全时当量非人数；研发执行主体企业与资金来源企业不同。
C_S12,国家统计局,中国统计年鉴2025：人民生活主要统计指标解释,https://www.stats.gov.cn/sj/ndsj/2025/html/zb06.pdf,https://www.stats.gov.cn/sj/ndsj/2025/html/zb06.pdf,,2026-09-15,方法定义,随年鉴,p194,工资覆盖报酬福利；经营净收入扣成本折旧生产税；财产净收入排除转让资产所有权的价差；转移净收入为转入减转出；城乡常住人口调整。,原文说明2012Q4改革及历史重估；配合C_S04当年值。,定义覆盖全国/城乡住户指标。,不能把净财产收入解释为资产市值变化；不能把净转移全当政府现金补贴。
C_S13,国家统计局,中国统计年鉴2025：表20-4规模以上工业企业科技活动基本情况,https://www.stats.gov.cn/sj/ndsj/2025/html/C20-04.jpg,https://www.stats.gov.cn/sj/ndsj/2025/html/zb20.pdf,,2026-09-15,2004、2009、2023、2024年,年,表20-4新产品销售及企业基本情况；脚注,新产品销售收入依科技指标解释，包含认定有效期新产品及企业自行研发投产两年内新产品；有研发活动企业比重分母为规上工业企业。,已目视列2004、2009、2023、2024；2011规上门槛500万元改2000万元脚注。,全国规上工业；分省R&D相关表20-7已另下载并定位，但本轮未完成新产品分省表核验。,不是全社会；跨期企业样本变动；新产品不必是世界首创，收入不等于增加值或利润。web图片读取超时，官网原图已直接下载并目视核验。
C_S14,国家统计局,中国统计年鉴2025：义务教育巩固率、高中阶段和高等教育毛入学率,https://www.stats.gov.cn/sj/ndsj/2025/html/C21-13.jpg,https://www.stats.gov.cn/sj/ndsj/2025/html/C21-13.jpg,,2026-09-15,1995—2024年（义务巩固率2010年起）,年,表21-13及年度列,原表列义务教育巩固率、高中与高等教育毛入学率，单位%；用以校验长期发布和历史值，表内未详列高等教育年龄分母。,已目视1995—2024高教毛率序列，2024为60.8%，2020为54.4%；义务巩固率2010起。,全国；未核验分省。,表内未详述年龄分母；完整定义已另由C_S18教育部原始DOCX核验。不能用此历史表证明省级覆盖。
C_S15,国家统计局,2025年城镇单位就业人员年平均工资情况,https://www.stats.gov.cn/sj/zxfb/202605/t20260515_1963707.html,https://www.stats.gov.cn/sj/zxfb/202605/t20260515_1963707.html,2026-05-15,2026-09-15,2024—2025年,年,正文三部分；表1—8；附注1—6,平均工资=就业人员工资总额/就业人员平均人数；税前含个人税费及社保公积金代扣，含实物；不含单位工会经费支出、入股分红、股权激励兑现及资本性收益。城镇地域5人及以上法人单位，不含个体工商户和自由职业者；2025统计306.2万家。,本篇表1—5有2024、2025年度对照；表6—8有2025岗位分组，正文同时给规上2024对比；根据企业一套表与劳动工资年报，以全面调查和抽样调查结合。,已逐表读取：全国、东中西东北四大区域；非私营19行业、私营18行业、规上16行业×5岗位；非私营与规上均有内资、港澳台、外商登记类别。,四区域汇总不证明31省或地级逐项公开。2023登记类型改用国统字〔2023〕14号；行业GB/T4754-2017，岗位按职业分类大典2022年版。非私营不等于国有。
C_S16,科技部；北京市政府官网转载,技术合同认定规则（2001年规则官方转载）,https://www.beijing.gov.cn/zhengce/zhengcefagui/qtwj/202402/t20240207_3559191.html,https://www.beijing.gov.cn/zhengce/zhengcefagui/qtwj/202402/t20240207_3559191.html,2024-02-07,2026-09-15,2001年7月18日起的历史认定规则,制度文件,第七章第51—52条；第54条,合同交易总额为技术合同成交项目总金额；技术交易额扣除设备仪器零部件原材料等非技术性费用，合理数量标的物直接成本例外；技术性收入指履约所得价款、使用费和报酬。,原文第54条自2001年7月18日起施行；用于解释2025年以前口径，2026新办法另见C_S17。,全国性技术合同认定规则，转载网页并非北京市单独统计口径。,认定登记交易不是全部市场交易；成交总额、技术交易额和实际技术性收入不同。不可用2026年新规则倒推2025分类。
C_S17,工业和信息化部；苏州工业园区官网转载附件全文,工业和信息化部关于印发《技术合同认定登记管理办法》的通知（工信部科〔2026〕18号）,https://www.miit.gov.cn/jgsj/kjs/wjfb/art/2026/art_ccf28613115d4960810b3b68253b0a25.html,https://www.sipac.gov.cn/kjhxxhj/kjzc/202602/0a0c8ecfbde145b3a2e5aa31b625fa8d.shtml,2026-02-09,2026-09-15,2026年3月1日起,制度文件,工信部原文通知；官方转载管理办法第4、10、15、31条及附件规则第30—32、37条,技术合同成交额为约定成交总金额，技术交易额为其中技术交易部分；里程碑和提成支付按实现金额登记；自愿登记，原则卖方所在地一次登记，可协商买方登记；合同变更须更正。,通知成文2026-01-23、发布2026-02-09；管理办法第31条自2026-03-01施行。,全国认定登记规则；现行分类增加单列技术许可，与历史分类比较需核查。,仅作为2026起制度变更风险提示，未据其重写2025原值。原部委页面附件未直接解析，完整条文已在政府官网转载逐条读取。
C_S18,教育部,教育部关于印发《中国教育监测与评价统计指标体系（2020年版）》的通知及原始附件,https://www.moe.gov.cn/srcsite/A03/s182/202101/t20210113_509619.html,https://www.moe.gov.cn/srcsite/A03/s182/202101/W020210113546624017867.docx,2021-01-13,2026-09-15,2020年版统计指标体系,制度文件,原DOCX第13项毛入学率、（4）高等教育；第14项义务教育巩固率；抽取段落349—381,高教毛入学率=高等教育在学总规模/18～22岁年龄组人口×100；在学规模=普通本专科+研究生+军事院校本专科+其他学历教育折合学生，其他含成人、网络、自考；第13项说明高等教育只适用于国家级。,教育部2020-12-23成文，2021-01-13发布；修订2015指标体系。,高等教育毛入学率只适用于国家级；义务教育巩固率建议国家级，省级须进一步处理跨地区流动。,web原页/附件超时或重定向；官网HTML通过HTTP读取附件href，再从同域携User-Agent和Referer下载原DOCX成功（190860字节），解压XML核读；没有使用搜索摘要充当原定义。折合规则未逐项明细公开于该段，不自行用学校人数求和复算。
R_FOF,国家统计局,中国统计年鉴2025 表3-15资金流量表（非金融交易，2023）,https://www.stats.gov.cn/sj/ndsj/2025/html/C03-15.jpg,https://www.stats.gov.cn/sj/ndsj/2025/html/zb03.pdf,,2026-09-15,2023年,年度；分类标准随版本修订,表3-15；指标解释印刷页98—100；国民核算简要说明,记录部门收入、使用与资金余缺。实际最终消费按最终受益者归属，仍为当年价格；不是不变价消费。,已核验2025年鉴目录、表图与适用说明；不声称逐年连续序列全部已复核。,非金融企业、金融机构、广义政府、住户、国外和国内合计；运用与来源分别列示。,2023普查后修订1992年以来非金融交易历史数据；金额亿元；存在统计差额。
R_NA_NOTE,国家统计局,中国统计年鉴2025 国民经济核算简要说明,https://www.stats.gov.cn/sj/ndsj/2025/html/sm03.htm,https://www.stats.gov.cn/sj/ndsj/2025/html/sm03.htm,,2026-09-15,2024年；依表标注,年度；分类标准随版本修订,国内生产总值、资金流量表两节,GDP历史和资金流量历史已作普查修订；部分活动仅计入全国，地区GDP加总不必等于全国。,已核验2025年鉴目录、表图与适用说明；不声称逐年连续序列全部已复核。,全国、31省统一核算；机构部门核算,表中最新年并非最终数。
R_REGION_GDP,国家统计局,中国统计年鉴2025 表3-9地区生产总值,https://www.stats.gov.cn/sj/ndsj/2025/html/C03-09.jpg,https://www.stats.gov.cn/sj/ndsj/2025/html/C03-09.jpg,,2026-09-15,2024年；依表标注,年度；分类标准随版本修订,表3-9全部地区行和列头,金额为当年价格，增速指数按可比价格；分列三次产业、主要行业、人均GDP。,已核验2025年鉴目录、表图与适用说明；不声称逐年连续序列全部已复核。,31个省级地区的2024年GDP及主要行业列,主要行业不是全部97大类；表内空白不填零。
R_REGION_INCOME,国家统计局,中国统计年鉴2025 表6-18分地区居民人均可支配收入,https://www.stats.gov.cn/sj/ndsj/2025/html/C06-18.jpg,https://www.stats.gov.cn/sj/ndsj/2025/html/C06-18.jpg,,2026-09-15,2024年；依表标注,年度；分类标准随版本修订,表6-18，2018—2024年列,住户调查人均可支配收入；单位元。,已核验2025年鉴目录、表图与适用说明；不声称逐年连续序列全部已复核。,全国和31省年度总居民人均收入,本表不含城市×收入五等份；分省总量不代表居民分布。
R_REGION_INVESTMENT,国家统计局,中国统计年鉴2025 表10-18分地区各行业固定资产投资比上年增长情况,https://www.stats.gov.cn/sj/ndsj/2025/html/C10-18.jpg,https://www.stats.gov.cn/sj/ndsj/2025/html/C10-18.jpg,,2026-09-15,2024年；依表标注,年度；分类标准随版本修订,表10-18，2024年,各地区按所列行业给出同比增长百分比。,已核验2025年鉴目录、表图与适用说明；不声称逐年连续序列全部已复核。,31省目录及表列行业交叉，部分单元空缺,不能由增长率逆推出未公布的投资金额，不对空白补零。
R_REGION_UNITS,国家统计局,中国统计年鉴2025 表1-5分地区按主要行业分法人单位数,https://www.stats.gov.cn/sj/ndsj/2025/html/C01-05.jpg,https://www.stats.gov.cn/sj/ndsj/2025/html/C01-05.jpg,,2026-09-15,2024年；依表标注,年度；分类标准随版本修订,表1-5,法人单位计数，按地区及主要行业列示。,已核验2025年鉴目录、表图与适用说明；不声称逐年连续序列全部已复核。,31省×表列主要行业,法人单位数不等于实际活跃企业数，不能由此推算企业进入退出率。
R_REGION_ADMIN,国家统计局,中国统计年鉴2025 表1-1全国行政区划,https://www.stats.gov.cn/sj/ndsj/2025/html/C01-01.jpg,https://www.stats.gov.cn/sj/ndsj/2025/html/C01-01.jpg,,2026-09-15,2024-12-31,年度；分类标准随版本修订,2024年底，各省地级/县级分类数量,地级行政区划数含地级市、地区、自治州、盟，直辖市不计入地级行政区划数。,已核验2025年鉴目录、表图与适用说明；不声称逐年连续序列全部已复核。,31省及下辖地级数量；全国地级333个，地级市293个,只验证2024年底分类数量；不提供2026年全部地级名称及逐指标覆盖。
R_CLASS_NOTE,国家统计局,国民经济行业分类包括哪些类别,https://www.stats.gov.cn/zs/tjws/tjbz/202301/t20230101_1903769.html,https://www.stats.gov.cn/zs/tjws/tjbz/202301/t20230101_1903769.html,2025-03-21,2026-09-15,现行标准说明,年度；分类标准随版本修订,正文现行分类和编码层次,GB/T4754—2017并按第1号修改单修订，20门类、97大类、473中类、1382小类。,已核验2025年鉴目录、表图与适用说明；不声称逐年连续序列全部已复核。,全行业分类层次,分类存在不代表所有分类单元有公开统计指标。
R_INDUSTRY,国家统计局,国民经济行业分类（按第1号修改单修订）,https://www.stats.gov.cn/sj/tjbz/gmjjhyfl/202501/P020250116506795831658.pdf,https://www.stats.gov.cn/sj/tjbz/gmjjhyfl/202501/P020250116506795831658.pdf,,2026-09-15,GB/T4754—2017及第1号修改单,年度；分类标准随版本修订,分类代码表与说明,行业按照经济活动性质分类；专题产业需另行映射。,已核验2025年鉴目录、表图与适用说明；不声称逐年连续序列全部已复核。,A—T门类及细分行业代码,跨版本需映射，不机械拼接。
R_CITY_NOTE,国家统计局,什么是城市高质量发展统计监测,https://www.stats.gov.cn/zs/tjws/tjdc/202301/t20230101_1903449.html,https://www.stats.gov.cn/zs/tjws/tjdc/202301/t20230101_1903449.html,2025-04-27,2026-09-15,现行统计制度说明,年度；分类标准随版本修订,调查范围、来源与发布方式,地级以上城市年度统计，区分全市与市辖区；资料来自已有统计和行政记录。,已核验2025年鉴目录、表图与适用说明；不声称逐年连续序列全部已复核。,全国地级以上城市的统计制度范围；公开指标还需逐表核验,制度覆盖不等于本项目取得每个城市全部免费数据；自治州等地级单位不能凭该文自动视为城市调查样本。
R_GEO_RULE,国家统计局,统计用区划代码和城乡划分代码编制规则,https://www.stats.gov.cn/sj/tjbz/gjtjbz/202302/t20230213_1902741.html,https://www.stats.gov.cn/sj/tjbz/gjtjbz/202302/t20230213_1902741.html,2009-11-25,2026-09-15,代码规则,年度；分类标准随版本修订,代码结构与县以上编码方法,县以上代码使用行政区划代码标准；统计用代码还包含乡村层级。,已核验2025年鉴目录、表图与适用说明；不声称逐年连续序列全部已复核。,省、地、县层级编码含义,不作为2026年实体名单；区划与研究年度绑定。
E_S01,国家统计局,2025年12月份规模以上工业增加值增长5.2%,https://www.stats.gov.cn/zwfwck/sjfb/202601/t20260119_1962329.html,https://www.stats.gov.cn/zwfwck/sjfb/202601/t20260119_1962329.html,2026-01-19,2026-09-15,2025年12月、1—12月,月度（1月免报）,正文、工业生产主要数据表、附注1—5,工业增加值增速剔除价格；销售率的分母为工业总产值；出口交货含自营、委托和交外贸部门出口；范围为年主营业务收入2000万元及以上工业企业。,附注规定月度全面调查、1月免报；本页有2024年12月至2025年12月季调环比表，未逐年下载历史全库。,全国规上工业；三大门类、主要行业、经济类型；主要产品产量。,样本进退和跨地区集团重复值剔除改变同期基数；GB/T 4754—2017；季调环比会修订；产品和行业的分类成员不能机械相加。
E_S02,国家统计局,2025年四季度全国规模以上工业产能利用率为74.9%,https://www.stats.gov.cn/sj/zxfbhjd/202601/t20260119_1962320.html,https://www.stats.gov.cn/sj/zxfbhjd/202601/t20260119_1962320.html,2026-01-19,2026-09-15,2025年四季度、全年,季度,正文及产能利用率表；附注1—3,实际产出与可长期维持的生产能力均以价值量计量；规上大中型全面调查、规上小微抽样，总计约11万家；小微推算总体后合成。,明确按季调查，原文表列当季和全年及上年同期差；未经季调。,全国、三大门类及15个主要行业表列值。,不等于设计产能的物理开工率、潜在GDP或TFP；未经季调，季度环比受季节因素影响；不同调查与工业财务样本非企业级一一配对。
E_S03,国家统计局,正确解读服务业生产指数,https://www.stats.gov.cn/zs/tjws/zytjzbqs/fwysczs/202502/t20250226_1958805.html,https://www.stats.gov.cn/zs/tjws/zytjzbqs/fwysczs/202502/t20250226_1958805.html,2025-02-26,2026-09-15,方法解释及2020—2022年历史示例,月度,第一部分（一）—（三）、第二部分,以上年同期为基期的不变价产出变化；覆盖13个门类中的40个大类，仅市场性活动；服务业增加值范围更广。,明确2017年起发布，并展示2020—2022年月度及累计历史例子。,全国指数；行业范围定义不等于所有40个大类均有公开分项序列。,仅同比增长、无该指数官方环比；科研、教育、卫生社会工作中的非市场活动不纳入；不能替代全部第三产业增加值。
E_S04,国家统计局,2025年经济发展向新向优 预期目标圆满实现,https://www.stats.gov.cn/zwfwck/sjfb/202601/t20260119_1962330.html,https://www.stats.gov.cn/zs/tjws/zytjzbqs/fwysczs/202502/t20250226_1958805.html,2026-01-19,2026-09-15,2025年12月、全年,月度,正文第三部分；附表第四项,服务业生产指数实际口径见E_S03；本次发布12月同比5.0%、全年同比5.5%。,月度国民经济发布，附表有当月和累计；连续发布机制与E_S03历史解释互证。,全国服务业生产指数；12月信息传输软件和信息技术、租赁商务、金融业三项分行业增速。,正文全年服务业增加值5.4%不是服务业生产指数5.5%；正文1—11月营业收入非12月或全年。
E_S05,国家统计局,2025年12月份70个大中城市商品住宅销售价格变动情况,https://www.stats.gov.cn/zwfwck/sjfb/202601/t20260119_1962319.html,https://www.stats.gov.cn/zwfwck/sjfb/202601/t20260119_1962319.html,2026-01-19,2026-09-15,2025年12月、1—12月平均,月度,表1—4及附注1—4,城市范围为市辖区、不含县；新房用当地网签全面调查，二手房重点与典型调查结合；无成交月份按价格无变动处理。,本次月度表有环比、同比和全年平均指数；与2026年1月E_S06连续月份互证，不宣称已归档所有历史。,表1新建商品住宅、表2二手住宅均列70城；表3—4有90平方米及以下、90—144平方米、144平方米以上分组。,70城不可代表所有地级地区；房价指数不是金额均价或全国指数；无成交视不变可能掩盖流动性变化；需标记基期轮换。
E_S06,国家统计局,2026年1月份70个大中城市商品住宅销售价格变动情况,https://www.stats.gov.cn/xxgk/sjfb/zxfb2020/202602/t20260213_1962617.html,https://www.stats.gov.cn/xxgk/sjfb/zxfb2020/202602/t20260213_1962617.html,2026-02-13,2026-09-15,2026年1月,月度,附注1—5，重点附注5,2026年1月起以2025年为新一轮对比基期，基本分类权数调整；官方测算对各月同比指数影响平均在0.03个百分点以内。,与E_S05相邻月份公开发布，核验了2026年新基期。,同一70城、市辖区不含县。,0.03个百分点是平均影响表述，不能理解每城每月的最大误差；拼接长期指数保留基期和权数变更记录。
E_S07,国家统计局,2025年全国规模以上工业企业利润增长0.6%,https://www.stats.gov.cn/sj/zxfb/202601/t20260127_1962382.html,https://www.stats.gov.cn/sj/zxfb/202601/t20260127_1962382.html,2026-01-27,2026-09-15,2025年、2025年末,月度（1月免报）,正文、表1—3、附注一至五,附注明确利润、营业收入、成本、资产负债、应收账款、产成品及财务比率计算；调查对象年主营业务收入2000万元及以上工业法人。,原文说明按月全面调查、上年同期可比基数调整；本次核验2025全年及上年增速，不宣称已逐年下载。,全国；表1及表2有三大门类和经济类型；表3有行业收入、成本、利润。,财务存量细分未在本页正文取得；年度样本进退、统计执法、去重导致两版原值不可直接算同比；企业类型交叉。
E_S08,国家统计局,国家发展改革委副主任、国家统计局局长宁吉喆就发布城镇调查失业率有关问题答记者问,https://www.stats.gov.cn/xxgk/jd/sjjd2020/201804/t20180417_1764610.html,https://www.stats.gov.cn/xxgk/jd/sjjd2020/201804/t20180417_1764610.html,2018-04-17,2026-09-15,2018年制度解释,月度发布机制说明,调查方法问题答复及按月发布段,31个大城市调查源自31个省会（首府）城市；调查失业率为劳动力中失业人口比例。,2009年建立31城月度调查，2016年合并全国月度调查，2018年4月起按月公开全国和31城汇总。,仅用于辨清31城名单；31城汇总不等于31个逐城公开序列。,2018年样本户数、抽样设计不作为2026年现行口径；本组不重复新增失业率指标。
R_POP_TIME,国家统计局,关于开展2024年人口变动情况抽样调查的公告（2024年第4号）,https://www.stats.gov.cn/xw/tjxw/tzgg/202410/t20241010_1956861.html,https://www.stats.gov.cn/xw/tjxw/tzgg/202410/t20241010_1956861.html,2024-10-10,2026-09-15,2024-11-01零时,年度人口变动抽样调查,第四项 调查时间,调查标准时点为2024年11月1日零时；不是年末时点。,年度人口变动调查实施公告，2024年标准时点已读。,人口变动情况抽样调查；年度汇总表样本不等于全国总人口。,与年末人口、公报分年龄人口口径分别记录。
