映射编号,问题编号,指标编号,指标名称,本指标观察含义,本问题机制,支持证据组合,反向证据组合,替代解释,本问题边界,共享证据组,来源编号
MAP0001,K1,A016,居民人均消费支出,需求端住户消费水平。,有效需求相对供给偏弱时，销售、库存、产能利用、就业和价格出现相互印证的变化。,订单和销售弱，库存周转变慢、利用率下降，并有就业或价格证据。,销量、订单和利用率改善，库存下降，利润并未受损。,供给扩张、进口成本下降、结构性降价、春节错位和基数效应。,只能描述需求压力，不能把PPI下降直接当作需求不足的因果证明。,EG-住户调查,A_S04
MAP0002,K1,A020,社会消费品零售总额,高频商品和餐饮交易需求信号。,有效需求相对供给偏弱时，销售、库存、产能利用、就业和价格出现相互印证的变化。,订单和销售弱，库存周转变慢、利用率下降，并有就业或价格证据。,销量、订单和利用率改善，库存下降，利润并未受损。,供给扩张、进口成本下降、结构性降价、春节错位和基数效应。,只能描述需求压力，不能把PPI下降直接当作需求不足的因果证明。,EG-A_S05,A_S05
MAP0003,K1,A024,服务零售额同比增速,补充社零对多数服务消费覆盖不足。,有效需求相对供给偏弱时，销售、库存、产能利用、就业和价格出现相互印证的变化。,订单和销售弱，库存周转变慢、利用率下降，并有就业或价格证据。,销量、订单和利用率改善，库存下降，利润并未受损。,供给扩张、进口成本下降、结构性降价、春节错位和基数效应。,只能描述需求压力，不能把PPI下降直接当作需求不足的因果证明。,EG-A_S07,A_S07
MAP0004,K1,A026,不含在校生分年龄组城镇调查失业率,检查年龄结构差异。,有效需求相对供给偏弱时，销售、库存、产能利用、就业和价格出现相互印证的变化。,订单和销售弱，库存周转变慢、利用率下降，并有就业或价格证据。,销量、订单和利用率改善，库存下降，利润并未受损。,供给扩张、进口成本下降、结构性降价、春节错位和基数效应。,只能描述需求压力，不能把PPI下降直接当作需求不足的因果证明。,EG-劳动力调查,A_S08
MAP0005,K1,A031,制造业采购经理指数PMI,制造业总体环比景气。,有效需求相对供给偏弱时，销售、库存、产能利用、就业和价格出现相互印证的变化。,订单和销售弱，库存周转变慢、利用率下降，并有就业或价格证据。,销量、订单和利用率改善，库存下降，利润并未受损。,供给扩张、进口成本下降、结构性降价、春节错位和基数效应。,只能描述需求压力，不能把PPI下降直接当作需求不足的因果证明。,EG-A_S06,A_S06
MAP0006,K1,A032,制造业PMI生产指数,生产扩张或收缩广度。,有效需求相对供给偏弱时，销售、库存、产能利用、就业和价格出现相互印证的变化。,订单和销售弱，库存周转变慢、利用率下降，并有就业或价格证据。,销量、订单和利用率改善，库存下降，利润并未受损。,供给扩张、进口成本下降、结构性降价、春节错位和基数效应。,只能描述需求压力，不能把PPI下降直接当作需求不足的因果证明。,EG-A_S06,A_S06
MAP0007,K1,A033,制造业PMI新订单指数,近期订单需求广度。,有效需求相对供给偏弱时，销售、库存、产能利用、就业和价格出现相互印证的变化。,订单和销售弱，库存周转变慢、利用率下降，并有就业或价格证据。,销量、订单和利用率改善，库存下降，利润并未受损。,供给扩张、进口成本下降、结构性降价、春节错位和基数效应。,只能描述需求压力，不能把PPI下降直接当作需求不足的因果证明。,EG-A_S06,A_S06
MAP0008,K1,A034,制造业PMI新出口订单指数,外需订单方向。,有效需求相对供给偏弱时，销售、库存、产能利用、就业和价格出现相互印证的变化。,订单和销售弱，库存周转变慢、利用率下降，并有就业或价格证据。,销量、订单和利用率改善，库存下降，利润并未受损。,供给扩张、进口成本下降、结构性降价、春节错位和基数效应。,只能描述需求压力，不能把PPI下降直接当作需求不足的因果证明。,EG-A_S06,A_S06
MAP0009,K1,A035,制造业PMI从业人员指数,企业用工景气。,有效需求相对供给偏弱时，销售、库存、产能利用、就业和价格出现相互印证的变化。,订单和销售弱，库存周转变慢、利用率下降，并有就业或价格证据。,销量、订单和利用率改善，库存下降，利润并未受损。,供给扩张、进口成本下降、结构性降价、春节错位和基数效应。,只能描述需求压力，不能把PPI下降直接当作需求不足的因果证明。,EG-A_S06,A_S06
MAP0010,K1,A036,制造业PMI主要原材料购进价格指数,投入成本上涨或下降的企业覆盖面。,有效需求相对供给偏弱时，销售、库存、产能利用、就业和价格出现相互印证的变化。,订单和销售弱，库存周转变慢、利用率下降，并有就业或价格证据。,销量、订单和利用率改善，库存下降，利润并未受损。,供给扩张、进口成本下降、结构性降价、春节错位和基数效应。,只能描述需求压力，不能把PPI下降直接当作需求不足的因果证明。,EG-A_S06,A_S06
MAP0011,K1,A037,制造业PMI出厂价格指数,产品价格变化的企业覆盖面。,有效需求相对供给偏弱时，销售、库存、产能利用、就业和价格出现相互印证的变化。,订单和销售弱，库存周转变慢、利用率下降，并有就业或价格证据。,销量、订单和利用率改善，库存下降，利润并未受损。,供给扩张、进口成本下降、结构性降价、春节错位和基数效应。,只能描述需求压力，不能把PPI下降直接当作需求不足的因果证明。,EG-A_S06,A_S06
MAP0012,K1,A038,制造业PMI产成品库存指数,库存方向；需结合订单区分主动或被动。,有效需求相对供给偏弱时，销售、库存、产能利用、就业和价格出现相互印证的变化。,订单和销售弱，库存周转变慢、利用率下降，并有就业或价格证据。,销量、订单和利用率改善，库存下降，利润并未受损。,供给扩张、进口成本下降、结构性降价、春节错位和基数效应。,只能描述需求压力，不能把PPI下降直接当作需求不足的因果证明。,EG-A_S06,A_S06
MAP0013,K1,A039,非制造业商务活动指数,服务和建筑总体活动广度。,有效需求相对供给偏弱时，销售、库存、产能利用、就业和价格出现相互印证的变化。,订单和销售弱，库存周转变慢、利用率下降，并有就业或价格证据。,销量、订单和利用率改善，库存下降，利润并未受损。,供给扩张、进口成本下降、结构性降价、春节错位和基数效应。,只能描述需求压力，不能把PPI下降直接当作需求不足的因果证明。,EG-A_S06,A_S06
MAP0014,K1,A040,综合PMI产出指数,总体产出活动方向。,有效需求相对供给偏弱时，销售、库存、产能利用、就业和价格出现相互印证的变化。,订单和销售弱，库存周转变慢、利用率下降，并有就业或价格证据。,销量、订单和利用率改善，库存下降，利润并未受损。,供给扩张、进口成本下降、结构性降价、春节错位和基数效应。,只能描述需求压力，不能把PPI下降直接当作需求不足的因果证明。,EG-A_S06,A_S06
MAP0015,K1,A059,居民消费价格指数CPI及涨跌幅,居民消费价格与实际购买力的总体价格证据。,有效需求相对供给偏弱时，销售、库存、产能利用、就业和价格出现相互印证的变化。,订单和销售弱，库存周转变慢、利用率下降，并有就业或价格证据。,销量、订单和利用率改善，库存下降，利润并未受损。,供给扩张、进口成本下降、结构性降价、春节错位和基数效应。,只能描述需求压力，不能把PPI下降直接当作需求不足的因果证明。,EG-A_S25,A_S25
MAP0016,K1,A060,核心CPI（不包括食品和能源）及涨跌幅,辅助识别食品和能源直接波动之外的价格走势。,有效需求相对供给偏弱时，销售、库存、产能利用、就业和价格出现相互印证的变化。,订单和销售弱，库存周转变慢、利用率下降，并有就业或价格证据。,销量、订单和利用率改善，库存下降，利润并未受损。,供给扩张、进口成本下降、结构性降价、春节错位和基数效应。,只能描述需求压力，不能把PPI下降直接当作需求不足的因果证明。,EG-A_S25,A_S25
MAP0017,K1,A061,服务CPI及涨跌幅,服务消费价格变化，与住户服务支出量价分离配套。,有效需求相对供给偏弱时，销售、库存、产能利用、就业和价格出现相互印证的变化。,订单和销售弱，库存周转变慢、利用率下降，并有就业或价格证据。,销量、订单和利用率改善，库存下降，利润并未受损。,供给扩张、进口成本下降、结构性降价、春节错位和基数效应。,只能描述需求压力，不能把PPI下降直接当作需求不足的因果证明。,EG-A_S25,A_S25
MAP0018,K1,A062,工业生产者出厂价格指数PPI及涨跌幅,工业销售价格环境，配合产量、收入和盈利分析。,有效需求相对供给偏弱时，销售、库存、产能利用、就业和价格出现相互印证的变化。,订单和销售弱，库存周转变慢、利用率下降，并有就业或价格证据。,销量、订单和利用率改善，库存下降，利润并未受损。,供给扩张、进口成本下降、结构性降价、春节错位和基数效应。,只能描述需求压力，不能把PPI下降直接当作需求不足的因果证明。,EG-A_S26,A_S26
MAP0019,K1,A063,工业生产者购进价格指数及涨跌幅,工业中间投入成本的价格变化。,有效需求相对供给偏弱时，销售、库存、产能利用、就业和价格出现相互印证的变化。,订单和销售弱，库存周转变慢、利用率下降，并有就业或价格证据。,销量、订单和利用率改善，库存下降，利润并未受损。,供给扩张、进口成本下降、结构性降价、春节错位和基数效应。,只能描述需求压力，不能把PPI下降直接当作需求不足的因果证明。,EG-A_S26,A_S26
MAP0020,K1,B001,规上工业营业收入,市场实现收入规模,有效需求相对供给偏弱时，销售、库存、产能利用、就业和价格出现相互印证的变化。,订单和销售弱，库存周转变慢、利用率下降，并有就业或价格证据。,销量、订单和利用率改善，库存下降，利润并未受损。,供给扩张、进口成本下降、结构性降价、春节错位和基数效应。,只能描述需求压力，不能把PPI下降直接当作需求不足的因果证明。,EG-规上工业财务,B_S01
MAP0021,K1,B003,规上工业利润总额,盈利及自筹资金能力线索,有效需求相对供给偏弱时，销售、库存、产能利用、就业和价格出现相互印证的变化。,订单和销售弱，库存周转变慢、利用率下降，并有就业或价格证据。,销量、订单和利用率改善，库存下降，利润并未受损。,供给扩张、进口成本下降、结构性降价、春节错位和基数效应。,只能描述需求压力，不能把PPI下降直接当作需求不足的因果证明。,EG-规上工业财务,B_S01
MAP0022,K1,B008,规上工业产成品存货,已完工库存占款,有效需求相对供给偏弱时，销售、库存、产能利用、就业和价格出现相互印证的变化。,订单和销售弱，库存周转变慢、利用率下降，并有就业或价格证据。,销量、订单和利用率改善，库存下降，利润并未受损。,供给扩张、进口成本下降、结构性降价、春节错位和基数效应。,只能描述需求压力，不能把PPI下降直接当作需求不足的因果证明。,EG-规上工业财务,B_S01
MAP0023,K1,B012,规上工业产成品存货周转天数,成品库存资金周转,有效需求相对供给偏弱时，销售、库存、产能利用、就业和价格出现相互印证的变化。,订单和销售弱，库存周转变慢、利用率下降，并有就业或价格证据。,销量、订单和利用率改善，库存下降，利润并未受损。,供给扩张、进口成本下降、结构性降价、春节错位和基数效应。,只能描述需求压力，不能把PPI下降直接当作需求不足的因果证明。,EG-规上工业财务,B_S01
MAP0024,K1,E001,规上工业增加值实际增长,衡量工业产出变化，与利用率和利润共同验证需求传导。,有效需求相对供给偏弱时，销售、库存、产能利用、就业和价格出现相互印证的变化。,订单和销售弱，库存周转变慢、利用率下降，并有就业或价格证据。,销量、订单和利用率改善，库存下降，利润并未受损。,供给扩张、进口成本下降、结构性降价、春节错位和基数效应。,只能描述需求压力，不能把PPI下降直接当作需求不足的因果证明。,EG-E_S01,E_S01
MAP0025,K1,E002,规上工业产品销售率,观察生产与销售衔接，需联合库存和回款。,有效需求相对供给偏弱时，销售、库存、产能利用、就业和价格出现相互印证的变化。,订单和销售弱，库存周转变慢、利用率下降，并有就业或价格证据。,销量、订单和利用率改善，库存下降，利润并未受损。,供给扩张、进口成本下降、结构性降价、春节错位和基数效应。,只能描述需求压力，不能把PPI下降直接当作需求不足的因果证明。,EG-E_S01,E_S01
MAP0026,K1,E003,规上工业出口交货值,从工业企业交货端观察外需相关名义活动。,有效需求相对供给偏弱时，销售、库存、产能利用、就业和价格出现相互印证的变化。,订单和销售弱，库存周转变慢、利用率下降，并有就业或价格证据。,销量、订单和利用率改善，库存下降，利润并未受损。,供给扩张、进口成本下降、结构性降价、春节错位和基数效应。,只能描述需求压力，不能把PPI下降直接当作需求不足的因果证明。,EG-E_S01,E_S01
MAP0027,K1,E004,规上工业主要产品产量（产品家族）,用实物量检验名义收入与价格变化，观察产品结构。,有效需求相对供给偏弱时，销售、库存、产能利用、就业和价格出现相互印证的变化。,订单和销售弱，库存周转变慢、利用率下降，并有就业或价格证据。,销量、订单和利用率改善，库存下降，利润并未受损。,供给扩张、进口成本下降、结构性降价、春节错位和基数效应。,只能描述需求压力，不能把PPI下降直接当作需求不足的因果证明。,EG-E_S01,E_S01
MAP0028,K1,E005,规上工业产能利用率,验证产出增长是否伴随产能使用改善。,有效需求相对供给偏弱时，销售、库存、产能利用、就业和价格出现相互印证的变化。,订单和销售弱，库存周转变慢、利用率下降，并有就业或价格证据。,销量、订单和利用率改善，库存下降，利润并未受损。,供给扩张、进口成本下降、结构性降价、春节错位和基数效应。,只能描述需求压力，不能把PPI下降直接当作需求不足的因果证明。,EG-E_S02,E_S02
MAP0029,K1,E006,服务业生产指数实际增长,跟踪月度服务业市场产出。,有效需求相对供给偏弱时，销售、库存、产能利用、就业和价格出现相互印证的变化。,订单和销售弱，库存周转变慢、利用率下降，并有就业或价格证据。,销量、订单和利用率改善，库存下降，利润并未受损。,供给扩张、进口成本下降、结构性降价、春节错位和基数效应。,只能描述需求压力，不能把PPI下降直接当作需求不足的因果证明。,EG-E_S04,E_S04
MAP0030,K2,A001,国内生产总值现价总量,名义产出及收入流量的总尺度。,支出结构变化解释增长来源，国民核算与高频代理提供不同频率的证据。,以同版三大需求拉动为起点，用住户消费、投资和贸易分项检验方向。,贡献上升仅由其他分项下降造成，或高频代理与年度核算方向相反。,净出口改善可能来自进口收缩；投资统计与资本形成口径不同。,海关顺差不等于GDP净出口贡献，社零不等于最终消费支出。,EG-国民核算,A_S01
MAP0031,K2,A002,国内生产总值实际增长（同比/季调环比）,观察实际产出变化。,支出结构变化解释增长来源，国民核算与高频代理提供不同频率的证据。,以同版三大需求拉动为起点，用住户消费、投资和贸易分项检验方向。,贡献上升仅由其他分项下降造成，或高频代理与年度核算方向相反。,净出口改善可能来自进口收缩；投资统计与资本形成口径不同。,海关顺差不等于GDP净出口贡献，社零不等于最终消费支出。,EG-国民核算,A_S01
MAP0032,K2,A006,最终消费支出对GDP增长的拉动,拆解实际GDP增长的需求来源。,支出结构变化解释增长来源，国民核算与高频代理提供不同频率的证据。,以同版三大需求拉动为起点，用住户消费、投资和贸易分项检验方向。,贡献上升仅由其他分项下降造成，或高频代理与年度核算方向相反。,净出口改善可能来自进口收缩；投资统计与资本形成口径不同。,海关顺差不等于GDP净出口贡献，社零不等于最终消费支出。,EG-国民核算,A_S03
MAP0033,K2,A007,资本形成总额对GDP增长的拉动,拆解实际GDP增长的需求来源。,支出结构变化解释增长来源，国民核算与高频代理提供不同频率的证据。,以同版三大需求拉动为起点，用住户消费、投资和贸易分项检验方向。,贡献上升仅由其他分项下降造成，或高频代理与年度核算方向相反。,净出口改善可能来自进口收缩；投资统计与资本形成口径不同。,海关顺差不等于GDP净出口贡献，社零不等于最终消费支出。,EG-国民核算,A_S03
MAP0034,K2,A008,货物和服务净出口对GDP增长的拉动,拆解实际GDP增长的需求来源。,支出结构变化解释增长来源，国民核算与高频代理提供不同频率的证据。,以同版三大需求拉动为起点，用住户消费、投资和贸易分项检验方向。,贡献上升仅由其他分项下降造成，或高频代理与年度核算方向相反。,净出口改善可能来自进口收缩；投资统计与资本形成口径不同。,海关顺差不等于GDP净出口贡献，社零不等于最终消费支出。,EG-国民核算,A_S03
MAP0035,K2,A014,居民人均可支配收入,观察家庭消费预算基础。,支出结构变化解释增长来源，国民核算与高频代理提供不同频率的证据。,以同版三大需求拉动为起点，用住户消费、投资和贸易分项检验方向。,贡献上升仅由其他分项下降造成，或高频代理与年度核算方向相反。,净出口改善可能来自进口收缩；投资统计与资本形成口径不同。,海关顺差不等于GDP净出口贡献，社零不等于最终消费支出。,EG-住户调查,A_S04
MAP0036,K2,A015,居民人均可支配收入实际增速,检验购买力变化。,支出结构变化解释增长来源，国民核算与高频代理提供不同频率的证据。,以同版三大需求拉动为起点，用住户消费、投资和贸易分项检验方向。,贡献上升仅由其他分项下降造成，或高频代理与年度核算方向相反。,净出口改善可能来自进口收缩；投资统计与资本形成口径不同。,海关顺差不等于GDP净出口贡献，社零不等于最终消费支出。,EG-住户调查,A_S04
MAP0037,K2,A016,居民人均消费支出,需求端住户消费水平。,支出结构变化解释增长来源，国民核算与高频代理提供不同频率的证据。,以同版三大需求拉动为起点，用住户消费、投资和贸易分项检验方向。,贡献上升仅由其他分项下降造成，或高频代理与年度核算方向相反。,净出口改善可能来自进口收缩；投资统计与资本形成口径不同。,海关顺差不等于GDP净出口贡献，社零不等于最终消费支出。,EG-住户调查,A_S04
MAP0038,K2,A017,居民人均消费支出实际增速,核对名义增长是否对应实际消费扩张。,支出结构变化解释增长来源，国民核算与高频代理提供不同频率的证据。,以同版三大需求拉动为起点，用住户消费、投资和贸易分项检验方向。,贡献上升仅由其他分项下降造成，或高频代理与年度核算方向相反。,净出口改善可能来自进口收缩；投资统计与资本形成口径不同。,海关顺差不等于GDP净出口贡献，社零不等于最终消费支出。,EG-住户调查,A_S04
MAP0039,K2,A018,居民人均分消费类别支出,检查家庭开支的结构变化。,支出结构变化解释增长来源，国民核算与高频代理提供不同频率的证据。,以同版三大需求拉动为起点，用住户消费、投资和贸易分项检验方向。,贡献上升仅由其他分项下降造成，或高频代理与年度核算方向相反。,净出口改善可能来自进口收缩；投资统计与资本形成口径不同。,海关顺差不等于GDP净出口贡献，社零不等于最终消费支出。,EG-住户调查,A_S04
MAP0040,K2,A019,居民服务性消费支出占人均消费支出比重,观察住户消费商品/服务结构。,支出结构变化解释增长来源，国民核算与高频代理提供不同频率的证据。,以同版三大需求拉动为起点，用住户消费、投资和贸易分项检验方向。,贡献上升仅由其他分项下降造成，或高频代理与年度核算方向相反。,净出口改善可能来自进口收缩；投资统计与资本形成口径不同。,海关顺差不等于GDP净出口贡献，社零不等于最终消费支出。,EG-住户调查,A_S07
MAP0041,K2,A020,社会消费品零售总额,高频商品和餐饮交易需求信号。,支出结构变化解释增长来源，国民核算与高频代理提供不同频率的证据。,以同版三大需求拉动为起点，用住户消费、投资和贸易分项检验方向。,贡献上升仅由其他分项下降造成，或高频代理与年度核算方向相反。,净出口改善可能来自进口收缩；投资统计与资本形成口径不同。,海关顺差不等于GDP净出口贡献，社零不等于最终消费支出。,EG-A_S05,A_S05
MAP0042,K2,A021,商品零售额,区分商品和餐饮需求。,支出结构变化解释增长来源，国民核算与高频代理提供不同频率的证据。,以同版三大需求拉动为起点，用住户消费、投资和贸易分项检验方向。,贡献上升仅由其他分项下降造成，或高频代理与年度核算方向相反。,净出口改善可能来自进口收缩；投资统计与资本形成口径不同。,海关顺差不等于GDP净出口贡献，社零不等于最终消费支出。,EG-A_S05,A_S05
MAP0043,K2,A022,餐饮收入,观察接触性服务消费。,支出结构变化解释增长来源，国民核算与高频代理提供不同频率的证据。,以同版三大需求拉动为起点，用住户消费、投资和贸易分项检验方向。,贡献上升仅由其他分项下降造成，或高频代理与年度核算方向相反。,净出口改善可能来自进口收缩；投资统计与资本形成口径不同。,海关顺差不等于GDP净出口贡献，社零不等于最终消费支出。,EG-A_S05,A_S05
MAP0044,K2,A023,网上商品零售额（原实物商品网上零售额）,观察线上商品渠道规模。,支出结构变化解释增长来源，国民核算与高频代理提供不同频率的证据。,以同版三大需求拉动为起点，用住户消费、投资和贸易分项检验方向。,贡献上升仅由其他分项下降造成，或高频代理与年度核算方向相反。,净出口改善可能来自进口收缩；投资统计与资本形成口径不同。,海关顺差不等于GDP净出口贡献，社零不等于最终消费支出。,EG-A_S20,A_S20
MAP0045,K2,A024,服务零售额同比增速,补充社零对多数服务消费覆盖不足。,支出结构变化解释增长来源，国民核算与高频代理提供不同频率的证据。,以同版三大需求拉动为起点，用住户消费、投资和贸易分项检验方向。,贡献上升仅由其他分项下降造成，或高频代理与年度核算方向相反。,净出口改善可能来自进口收缩；投资统计与资本形成口径不同。,海关顺差不等于GDP净出口贡献，社零不等于最终消费支出。,EG-A_S07,A_S07
MAP0046,K2,A056,住户调查消费支出与可支配收入之比,描述住户调查支出相对收入的比例。,支出结构变化解释增长来源，国民核算与高频代理提供不同频率的证据。,以同版三大需求拉动为起点，用住户消费、投资和贸易分项检验方向。,贡献上升仅由其他分项下降造成，或高频代理与年度核算方向相反。,净出口改善可能来自进口收缩；投资统计与资本形成口径不同。,海关顺差不等于GDP净出口贡献，社零不等于最终消费支出。,EG-住户调查,A_S04
MAP0047,K2,A057,网上服务零售额,观察线上服务渠道。,支出结构变化解释增长来源，国民核算与高频代理提供不同频率的证据。,以同版三大需求拉动为起点，用住户消费、投资和贸易分项检验方向。,贡献上升仅由其他分项下降造成，或高频代理与年度核算方向相反。,净出口改善可能来自进口收缩；投资统计与资本形成口径不同。,海关顺差不等于GDP净出口贡献，社零不等于最终消费支出。,EG-A_S20,A_S20
MAP0048,K2,A058,网上商品和服务零售额（2026口径）,线上商品与服务合计规模。,支出结构变化解释增长来源，国民核算与高频代理提供不同频率的证据。,以同版三大需求拉动为起点，用住户消费、投资和贸易分项检验方向。,贡献上升仅由其他分项下降造成，或高频代理与年度核算方向相反。,净出口改善可能来自进口收缩；投资统计与资本形成口径不同。,海关顺差不等于GDP净出口贡献，社零不等于最终消费支出。,EG-A_S20,A_S20
MAP0049,K2,B015,固定资产投资（不含农户）,观察投资建设投入,支出结构变化解释增长来源，国民核算与高频代理提供不同频率的证据。,以同版三大需求拉动为起点，用住户消费、投资和贸易分项检验方向。,贡献上升仅由其他分项下降造成，或高频代理与年度核算方向相反。,净出口改善可能来自进口收缩；投资统计与资本形成口径不同。,海关顺差不等于GDP净出口贡献，社零不等于最终消费支出。,EG-B_S02,B_S02
MAP0050,K2,B017,房地产开发投资,开发建设投入,支出结构变化解释增长来源，国民核算与高频代理提供不同频率的证据。,以同版三大需求拉动为起点，用住户消费、投资和贸易分项检验方向。,贡献上升仅由其他分项下降造成，或高频代理与年度核算方向相反。,净出口改善可能来自进口收缩；投资统计与资本形成口径不同。,海关顺差不等于GDP净出口贡献，社零不等于最终消费支出。,EG-B_S03,B_S03
MAP0051,K2,B051,海关口径货物出口额,境外市场销售需求,支出结构变化解释增长来源，国民核算与高频代理提供不同频率的证据。,以同版三大需求拉动为起点，用住户消费、投资和贸易分项检验方向。,贡献上升仅由其他分项下降造成，或高频代理与年度核算方向相反。,净出口改善可能来自进口收缩；投资统计与资本形成口径不同。,海关顺差不等于GDP净出口贡献，社零不等于最终消费支出。,EG-B_S19,B_S19
MAP0052,K2,B052,海关口径货物进口额,国内进口需求和投入供给,支出结构变化解释增长来源，国民核算与高频代理提供不同频率的证据。,以同版三大需求拉动为起点，用住户消费、投资和贸易分项检验方向。,贡献上升仅由其他分项下降造成，或高频代理与年度核算方向相反。,净出口改善可能来自进口收缩；投资统计与资本形成口径不同。,海关顺差不等于GDP净出口贡献，社零不等于最终消费支出。,EG-B_S19,B_S19
MAP0053,K2,B054,国际收支货物差额,货物交易净流入,支出结构变化解释增长来源，国民核算与高频代理提供不同频率的证据。,以同版三大需求拉动为起点，用住户消费、投资和贸易分项检验方向。,贡献上升仅由其他分项下降造成，或高频代理与年度核算方向相反。,净出口改善可能来自进口收缩；投资统计与资本形成口径不同。,海关顺差不等于GDP净出口贡献，社零不等于最终消费支出。,EG-B_S15,B_S15
MAP0054,K2,B055,国际收支服务差额,服务贸易净需求,支出结构变化解释增长来源，国民核算与高频代理提供不同频率的证据。,以同版三大需求拉动为起点，用住户消费、投资和贸易分项检验方向。,贡献上升仅由其他分项下降造成，或高频代理与年度核算方向相反。,净出口改善可能来自进口收缩；投资统计与资本形成口径不同。,海关顺差不等于GDP净出口贡献，社零不等于最终消费支出。,EG-B_S15,B_S15
MAP0055,K3,A014,居民人均可支配收入,观察家庭消费预算基础。,广泛需求改善应逐步传导至劳动需求、居民收入及价格，但存在时滞和行业差异。,就业数量或工时、实际收入与服务价格等多个环节同向改善。,工业产出回升但工资、就业和居民消费未改善。,劳动供给变化、产业替代、成本冲击和调查样本变化。,就业人口与城镇调查失业率的统计范围不同，不能直接相减求失业人数。,EG-住户调查,A_S04
MAP0056,K3,A015,居民人均可支配收入实际增速,检验购买力变化。,广泛需求改善应逐步传导至劳动需求、居民收入及价格，但存在时滞和行业差异。,就业数量或工时、实际收入与服务价格等多个环节同向改善。,工业产出回升但工资、就业和居民消费未改善。,劳动供给变化、产业替代、成本冲击和调查样本变化。,就业人口与城镇调查失业率的统计范围不同，不能直接相减求失业人数。,EG-住户调查,A_S04
MAP0057,K3,A016,居民人均消费支出,需求端住户消费水平。,广泛需求改善应逐步传导至劳动需求、居民收入及价格，但存在时滞和行业差异。,就业数量或工时、实际收入与服务价格等多个环节同向改善。,工业产出回升但工资、就业和居民消费未改善。,劳动供给变化、产业替代、成本冲击和调查样本变化。,就业人口与城镇调查失业率的统计范围不同，不能直接相减求失业人数。,EG-住户调查,A_S04
MAP0058,K3,A017,居民人均消费支出实际增速,核对名义增长是否对应实际消费扩张。,广泛需求改善应逐步传导至劳动需求、居民收入及价格，但存在时滞和行业差异。,就业数量或工时、实际收入与服务价格等多个环节同向改善。,工业产出回升但工资、就业和居民消费未改善。,劳动供给变化、产业替代、成本冲击和调查样本变化。,就业人口与城镇调查失业率的统计范围不同，不能直接相减求失业人数。,EG-住户调查,A_S04
MAP0059,K3,A018,居民人均分消费类别支出,检查家庭开支的结构变化。,广泛需求改善应逐步传导至劳动需求、居民收入及价格，但存在时滞和行业差异。,就业数量或工时、实际收入与服务价格等多个环节同向改善。,工业产出回升但工资、就业和居民消费未改善。,劳动供给变化、产业替代、成本冲击和调查样本变化。,就业人口与城镇调查失业率的统计范围不同，不能直接相减求失业人数。,EG-住户调查,A_S04
MAP0060,K3,A019,居民服务性消费支出占人均消费支出比重,观察住户消费商品/服务结构。,广泛需求改善应逐步传导至劳动需求、居民收入及价格，但存在时滞和行业差异。,就业数量或工时、实际收入与服务价格等多个环节同向改善。,工业产出回升但工资、就业和居民消费未改善。,劳动供给变化、产业替代、成本冲击和调查样本变化。,就业人口与城镇调查失业率的统计范围不同，不能直接相减求失业人数。,EG-住户调查,A_S07
MAP0061,K3,A025,全国城镇调查失业率,识别进入劳动力市场者的失业状况。,广泛需求改善应逐步传导至劳动需求、居民收入及价格，但存在时滞和行业差异。,就业数量或工时、实际收入与服务价格等多个环节同向改善。,工业产出回升但工资、就业和居民消费未改善。,劳动供给变化、产业替代、成本冲击和调查样本变化。,就业人口与城镇调查失业率的统计范围不同，不能直接相减求失业人数。,EG-劳动力调查,A_S07
MAP0062,K3,A026,不含在校生分年龄组城镇调查失业率,检查年龄结构差异。,广泛需求改善应逐步传导至劳动需求、居民收入及价格，但存在时滞和行业差异。,就业数量或工时、实际收入与服务价格等多个环节同向改善。,工业产出回升但工资、就业和居民消费未改善。,劳动供给变化、产业替代、成本冲击和调查样本变化。,就业人口与城镇调查失业率的统计范围不同，不能直接相减求失业人数。,EG-劳动力调查,A_S08
MAP0063,K3,A027,全国企业就业人员周平均工作时间,辅助判断劳动强度。,广泛需求改善应逐步传导至劳动需求、居民收入及价格，但存在时滞和行业差异。,就业数量或工时、实际收入与服务价格等多个环节同向改善。,工业产出回升但工资、就业和居民消费未改善。,劳动供给变化、产业替代、成本冲击和调查样本变化。,就业人口与城镇调查失业率的统计范围不同，不能直接相减求失业人数。,EG-劳动力调查,A_S07
MAP0064,K3,A028,全国就业人员年末人数,劳动投入人数规模。,广泛需求改善应逐步传导至劳动需求、居民收入及价格，但存在时滞和行业差异。,就业数量或工时、实际收入与服务价格等多个环节同向改善。,工业产出回升但工资、就业和居民消费未改善。,劳动供给变化、产业替代、成本冲击和调查样本变化。,就业人口与城镇调查失业率的统计范围不同，不能直接相减求失业人数。,EG-A_S03,A_S03
MAP0065,K3,A029,城镇新增就业人数,行政统计的就业增量信号。,广泛需求改善应逐步传导至劳动需求、居民收入及价格，但存在时滞和行业差异。,就业数量或工时、实际收入与服务价格等多个环节同向改善。,工业产出回升但工资、就业和居民消费未改善。,劳动供给变化、产业替代、成本冲击和调查样本变化。,就业人口与城镇调查失业率的统计范围不同，不能直接相减求失业人数。,EG-A_S03,A_S03
MAP0066,K3,A030,农民工总量,劳动力跨地域和非农配置规模。,广泛需求改善应逐步传导至劳动需求、居民收入及价格，但存在时滞和行业差异。,就业数量或工时、实际收入与服务价格等多个环节同向改善。,工业产出回升但工资、就业和居民消费未改善。,劳动供给变化、产业替代、成本冲击和调查样本变化。,就业人口与城镇调查失业率的统计范围不同，不能直接相减求失业人数。,EG-A_S03,A_S03
MAP0067,K3,A035,制造业PMI从业人员指数,企业用工景气。,广泛需求改善应逐步传导至劳动需求、居民收入及价格，但存在时滞和行业差异。,就业数量或工时、实际收入与服务价格等多个环节同向改善。,工业产出回升但工资、就业和居民消费未改善。,劳动供给变化、产业替代、成本冲击和调查样本变化。,就业人口与城镇调查失业率的统计范围不同，不能直接相减求失业人数。,EG-A_S06,A_S06
MAP0068,K3,A039,非制造业商务活动指数,服务和建筑总体活动广度。,广泛需求改善应逐步传导至劳动需求、居民收入及价格，但存在时滞和行业差异。,就业数量或工时、实际收入与服务价格等多个环节同向改善。,工业产出回升但工资、就业和居民消费未改善。,劳动供给变化、产业替代、成本冲击和调查样本变化。,就业人口与城镇调查失业率的统计范围不同，不能直接相减求失业人数。,EG-A_S06,A_S06
MAP0069,K3,A059,居民消费价格指数CPI及涨跌幅,居民消费价格与实际购买力的总体价格证据。,广泛需求改善应逐步传导至劳动需求、居民收入及价格，但存在时滞和行业差异。,就业数量或工时、实际收入与服务价格等多个环节同向改善。,工业产出回升但工资、就业和居民消费未改善。,劳动供给变化、产业替代、成本冲击和调查样本变化。,就业人口与城镇调查失业率的统计范围不同，不能直接相减求失业人数。,EG-A_S25,A_S25
MAP0070,K3,A060,核心CPI（不包括食品和能源）及涨跌幅,辅助识别食品和能源直接波动之外的价格走势。,广泛需求改善应逐步传导至劳动需求、居民收入及价格，但存在时滞和行业差异。,就业数量或工时、实际收入与服务价格等多个环节同向改善。,工业产出回升但工资、就业和居民消费未改善。,劳动供给变化、产业替代、成本冲击和调查样本变化。,就业人口与城镇调查失业率的统计范围不同，不能直接相减求失业人数。,EG-A_S25,A_S25
MAP0071,K3,A061,服务CPI及涨跌幅,服务消费价格变化，与住户服务支出量价分离配套。,广泛需求改善应逐步传导至劳动需求、居民收入及价格，但存在时滞和行业差异。,就业数量或工时、实际收入与服务价格等多个环节同向改善。,工业产出回升但工资、就业和居民消费未改善。,劳动供给变化、产业替代、成本冲击和调查样本变化。,就业人口与城镇调查失业率的统计范围不同，不能直接相减求失业人数。,EG-A_S25,A_S25
MAP0072,K3,A062,工业生产者出厂价格指数PPI及涨跌幅,工业销售价格环境，配合产量、收入和盈利分析。,广泛需求改善应逐步传导至劳动需求、居民收入及价格，但存在时滞和行业差异。,就业数量或工时、实际收入与服务价格等多个环节同向改善。,工业产出回升但工资、就业和居民消费未改善。,劳动供给变化、产业替代、成本冲击和调查样本变化。,就业人口与城镇调查失业率的统计范围不同，不能直接相减求失业人数。,EG-A_S26,A_S26
MAP0073,K3,A063,工业生产者购进价格指数及涨跌幅,工业中间投入成本的价格变化。,广泛需求改善应逐步传导至劳动需求、居民收入及价格，但存在时滞和行业差异。,就业数量或工时、实际收入与服务价格等多个环节同向改善。,工业产出回升但工资、就业和居民消费未改善。,劳动供给变化、产业替代、成本冲击和调查样本变化。,就业人口与城镇调查失业率的统计范围不同，不能直接相减求失业人数。,EG-A_S26,A_S26
MAP0074,K3,C034,居民人均可支配收入中位数,与平均值对照识别收入分布偏斜。,广泛需求改善应逐步传导至劳动需求、居民收入及价格，但存在时滞和行业差异。,就业数量或工时、实际收入与服务价格等多个环节同向改善。,工业产出回升但工资、就业和居民消费未改善。,劳动供给变化、产业替代、成本冲击和调查样本变化。,就业人口与城镇调查失业率的统计范围不同，不能直接相减求失业人数。,EG-住户调查,C_S04
MAP0075,K3,C039,居民人均工资性收入,拆分居民可支配收入来源及城乡差别。,广泛需求改善应逐步传导至劳动需求、居民收入及价格，但存在时滞和行业差异。,就业数量或工时、实际收入与服务价格等多个环节同向改善。,工业产出回升但工资、就业和居民消费未改善。,劳动供给变化、产业替代、成本冲击和调查样本变化。,就业人口与城镇调查失业率的统计范围不同，不能直接相减求失业人数。,EG-住户调查,C_S04
MAP0076,K3,C040,居民人均经营净收入,拆分居民可支配收入来源及城乡差别。,广泛需求改善应逐步传导至劳动需求、居民收入及价格，但存在时滞和行业差异。,就业数量或工时、实际收入与服务价格等多个环节同向改善。,工业产出回升但工资、就业和居民消费未改善。,劳动供给变化、产业替代、成本冲击和调查样本变化。,就业人口与城镇调查失业率的统计范围不同，不能直接相减求失业人数。,EG-住户调查,C_S04
MAP0077,K3,C041,居民人均财产净收入,拆分居民可支配收入来源及城乡差别。,广泛需求改善应逐步传导至劳动需求、居民收入及价格，但存在时滞和行业差异。,就业数量或工时、实际收入与服务价格等多个环节同向改善。,工业产出回升但工资、就业和居民消费未改善。,劳动供给变化、产业替代、成本冲击和调查样本变化。,就业人口与城镇调查失业率的统计范围不同，不能直接相减求失业人数。,EG-住户调查,C_S04
MAP0078,K3,C042,居民人均转移净收入,拆分居民可支配收入来源及城乡差别。,广泛需求改善应逐步传导至劳动需求、居民收入及价格，但存在时滞和行业差异。,就业数量或工时、实际收入与服务价格等多个环节同向改善。,工业产出回升但工资、就业和居民消费未改善。,劳动供给变化、产业替代、成本冲击和调查样本变化。,就业人口与城镇调查失业率的统计范围不同，不能直接相减求失业人数。,EG-住户调查,C_S04
MAP0079,K4,A016,居民人均消费支出,需求端住户消费水平。,财政资金形成采购、转移或项目活动后，可能带动收入和私人支出；观察传导次序。,支出执行后，相关订单、居民消费或民间投资持续改善。,债券发行增加而支出执行、项目活动或私人投资没有接续。,共同政策冲击、项目周期、债务置换、财政存款变化。,发债不等于当期新增财政需求，时间上的先后不单独证明带动效应。,EG-住户调查,A_S04
MAP0080,K4,B015,固定资产投资（不含农户）,观察投资建设投入,财政资金形成采购、转移或项目活动后，可能带动收入和私人支出；观察传导次序。,支出执行后，相关订单、居民消费或民间投资持续改善。,债券发行增加而支出执行、项目活动或私人投资没有接续。,共同政策冲击、项目周期、债务置换、财政存款变化。,发债不等于当期新增财政需求，时间上的先后不单独证明带动效应。,EG-B_S02,B_S02
MAP0081,K4,B016,设备工器具购置投资增速,设备更新投入信号,财政资金形成采购、转移或项目活动后，可能带动收入和私人支出；观察传导次序。,支出执行后，相关订单、居民消费或民间投资持续改善。,债券发行增加而支出执行、项目活动或私人投资没有接续。,共同政策冲击、项目周期、债务置换、财政存款变化。,发债不等于当期新增财政需求，时间上的先后不单独证明带动效应。,EG-B_S02,B_S02
MAP0082,K4,B023,房地产开发企业本年到位资金,开发资金可得性,财政资金形成采购、转移或项目活动后，可能带动收入和私人支出；观察传导次序。,支出执行后，相关订单、居民消费或民间投资持续改善。,债券发行增加而支出执行、项目活动或私人投资没有接续。,共同政策冲击、项目周期、债务置换、财政存款变化。,发债不等于当期新增财政需求，时间上的先后不单独证明带动效应。,EG-B_S03,B_S03
MAP0083,K4,B025,一般公共预算收入,财政常规收入基础,财政资金形成采购、转移或项目活动后，可能带动收入和私人支出；观察传导次序。,支出执行后，相关订单、居民消费或民间投资持续改善。,债券发行增加而支出执行、项目活动或私人投资没有接续。,共同政策冲击、项目周期、债务置换、财政存款变化。,发债不等于当期新增财政需求，时间上的先后不单独证明带动效应。,EG-B_S04,B_S04
MAP0084,K4,B026,一般公共预算支出,公共支出强度与结构,财政资金形成采购、转移或项目活动后，可能带动收入和私人支出；观察传导次序。,支出执行后，相关订单、居民消费或民间投资持续改善。,债券发行增加而支出执行、项目活动或私人投资没有接续。,共同政策冲击、项目周期、债务置换、财政存款变化。,发债不等于当期新增财政需求，时间上的先后不单独证明带动效应。,EG-B_S04,B_S04
MAP0085,K4,B027,非税收入,收入结构与非经常来源线索,财政资金形成采购、转移或项目活动后，可能带动收入和私人支出；观察传导次序。,支出执行后，相关订单、居民消费或民间投资持续改善。,债券发行增加而支出执行、项目活动或私人投资没有接续。,共同政策冲击、项目周期、债务置换、财政存款变化。,发债不等于当期新增财政需求，时间上的先后不单独证明带动效应。,EG-B_S04,B_S04
MAP0086,K4,B028,国有土地使用权出让收入,土地相关财政现金来源,财政资金形成采购、转移或项目活动后，可能带动收入和私人支出；观察传导次序。,支出执行后，相关订单、居民消费或民间投资持续改善。,债券发行增加而支出执行、项目活动或私人投资没有接续。,共同政策冲击、项目周期、债务置换、财政存款变化。,发债不等于当期新增财政需求，时间上的先后不单独证明带动效应。,EG-B_S04,B_S04
MAP0087,K4,B029,政府性基金预算收入,专项政府收入基础,财政资金形成采购、转移或项目活动后，可能带动收入和私人支出；观察传导次序。,支出执行后，相关订单、居民消费或民间投资持续改善。,债券发行增加而支出执行、项目活动或私人投资没有接续。,共同政策冲击、项目周期、债务置换、财政存款变化。,发债不等于当期新增财政需求，时间上的先后不单独证明带动效应。,EG-B_S04,B_S04
MAP0088,K4,B030,政府性基金预算支出,项目及专项支出力度,财政资金形成采购、转移或项目活动后，可能带动收入和私人支出；观察传导次序。,支出执行后，相关订单、居民消费或民间投资持续改善。,债券发行增加而支出执行、项目活动或私人投资没有接续。,共同政策冲击、项目周期、债务置换、财政存款变化。,发债不等于当期新增财政需求，时间上的先后不单独证明带动效应。,EG-B_S04,B_S04
MAP0089,K4,B031,中央对地方一般公共预算转移支付,区域财政支撑与再分配,财政资金形成采购、转移或项目活动后，可能带动收入和私人支出；观察传导次序。,支出执行后，相关订单、居民消费或民间投资持续改善。,债券发行增加而支出执行、项目活动或私人投资没有接续。,共同政策冲击、项目周期、债务置换、财政存款变化。,发债不等于当期新增财政需求，时间上的先后不单独证明带动效应。,EG-B_S08,B_S08
MAP0090,K4,B032,国债余额,中央债务规模起点,财政资金形成采购、转移或项目活动后，可能带动收入和私人支出；观察传导次序。,支出执行后，相关订单、居民消费或民间投资持续改善。,债券发行增加而支出执行、项目活动或私人投资没有接续。,共同政策冲击、项目周期、债务置换、财政存款变化。,发债不等于当期新增财政需求，时间上的先后不单独证明带动效应。,EG-B_S08,B_S08
MAP0091,K4,B033,地方政府一般债务余额,地方政府法定债务结构,财政资金形成采购、转移或项目活动后，可能带动收入和私人支出；观察传导次序。,支出执行后，相关订单、居民消费或民间投资持续改善。,债券发行增加而支出执行、项目活动或私人投资没有接续。,共同政策冲击、项目周期、债务置换、财政存款变化。,发债不等于当期新增财政需求，时间上的先后不单独证明带动效应。,EG-B_S08,B_S08
MAP0092,K4,B034,地方政府专项债务余额,地方政府法定债务结构,财政资金形成采购、转移或项目活动后，可能带动收入和私人支出；观察传导次序。,支出执行后，相关订单、居民消费或民间投资持续改善。,债券发行增加而支出执行、项目活动或私人投资没有接续。,共同政策冲击、项目周期、债务置换、财政存款变化。,发债不等于当期新增财政需求，时间上的先后不单独证明带动效应。,EG-B_S08,B_S08
MAP0093,K4,B035,新增地方政府债券发行额,新增预算筹資来源,财政资金形成采购、转移或项目活动后，可能带动收入和私人支出；观察传导次序。,支出执行后，相关订单、居民消费或民间投资持续改善。,债券发行增加而支出执行、项目活动或私人投资没有接续。,共同政策冲击、项目周期、债务置换、财政存款变化。,发债不等于当期新增财政需求，时间上的先后不单独证明带动效应。,EG-B_S05,B_S05
MAP0094,K4,B036,再融资地方政府债券发行额,再融资与期限置换活动,财政资金形成采购、转移或项目活动后，可能带动收入和私人支出；观察传导次序。,支出执行后，相关订单、居民消费或民间投资持续改善。,债券发行增加而支出执行、项目活动或私人投资没有接续。,共同政策冲击、项目周期、债务置换、财政存款变化。,发债不等于当期新增财政需求，时间上的先后不单独证明带动效应。,EG-B_S05,B_S05
MAP0095,K4,B037,地方政府债券到期偿还本金,到期周转需求,财政资金形成采购、转移或项目活动后，可能带动收入和私人支出；观察传导次序。,支出执行后，相关订单、居民消费或民间投资持续改善。,债券发行增加而支出执行、项目活动或私人投资没有接续。,共同政策冲击、项目周期、债务置换、财政存款变化。,发债不等于当期新增财政需求，时间上的先后不单独证明带动效应。,EG-B_S05,B_S05
MAP0096,K4,B038,地方政府债券支付利息,债券利息支出流量,财政资金形成采购、转移或项目活动后，可能带动收入和私人支出；观察传导次序。,支出执行后，相关订单、居民消费或民间投资持续改善。,债券发行增加而支出执行、项目活动或私人投资没有接续。,共同政策冲击、项目周期、债务置换、财政存款变化。,发债不等于当期新增财政需求，时间上的先后不单独证明带动效应。,EG-B_S05,B_S05
MAP0097,K4,C010,国家财政科学技术支出,观察公共科技资源支持。,财政资金形成采购、转移或项目活动后，可能带动收入和私人支出；观察传导次序。,支出执行后，相关订单、居民消费或民间投资持续改善。,债券发行增加而支出执行、项目活动或私人投资没有接续。,共同政策冲击、项目周期、债务置换、财政存款变化。,发债不等于当期新增财政需求，时间上的先后不单独证明带动效应。,EG-科技经费,C_S01
MAP0098,K4,C042,居民人均转移净收入,拆分居民可支配收入来源及城乡差别。,财政资金形成采购、转移或项目活动后，可能带动收入和私人支出；观察传导次序。,支出执行后，相关订单、居民消费或民间投资持续改善。,债券发行增加而支出执行、项目活动或私人投资没有接续。,共同政策冲击、项目周期、债务置换、财政存款变化。,发债不等于当期新增财政需求，时间上的先后不单独证明带动效应。,EG-住户调查,C_S04
MAP0099,M1,A001,国内生产总值现价总量,名义产出及收入流量的总尺度。,货币存量与名义支出关系会受到持币行为、金融结构及统计口径变化影响。,比较可比货币增速、名义GDP与价格，区分长期关系和短期背离。,货币与名义增长背离由统计扩围或一次性存款迁移解释。,货币需求、金融深化、支付工具改变及口径修订。,不得把M2同比与GDP实际同比相减称作流通速度。,EG-国民核算,A_S01
MAP0100,M1,A002,国内生产总值实际增长（同比/季调环比）,观察实际产出变化。,货币存量与名义支出关系会受到持币行为、金融结构及统计口径变化影响。,比较可比货币增速、名义GDP与价格，区分长期关系和短期背离。,货币与名义增长背离由统计扩围或一次性存款迁移解释。,货币需求、金融深化、支付工具改变及口径修订。,不得把M2同比与GDP实际同比相减称作流通速度。,EG-国民核算,A_S01
MAP0101,M1,A009,国民总收入现价额,核对生产所在地与居民收入归属。,货币存量与名义支出关系会受到持币行为、金融结构及统计口径变化影响。,比较可比货币增速、名义GDP与价格，区分长期关系和短期背离。,货币与名义增长背离由统计扩围或一次性存款迁移解释。,货币需求、金融深化、支付工具改变及口径修订。,不得把M2同比与GDP实际同比相减称作流通速度。,EG-国民核算,A_S03
MAP0102,M1,A012,GDP名义同比增速,把名义规模变化与实际增长分开。,货币存量与名义支出关系会受到持币行为、金融结构及统计口径变化影响。,比较可比货币增速、名义GDP与价格，区分长期关系和短期背离。,货币与名义增长背离由统计扩围或一次性存款迁移解释。,货币需求、金融深化、支付工具改变及口径修订。,不得把M2同比与GDP实际同比相减称作流通速度。,EG-国民核算,A_S01
MAP0103,M1,A013,GDP隐含平减指数同比变化,透明拆分名义和实际增长差异。,货币存量与名义支出关系会受到持币行为、金融结构及统计口径变化影响。,比较可比货币增速、名义GDP与价格，区分长期关系和短期背离。,货币与名义增长背离由统计扩围或一次性存款迁移解释。,货币需求、金融深化、支付工具改变及口径修订。,不得把M2同比与GDP实际同比相减称作流通速度。,EG-国民核算,A_S01
MAP0104,M1,A041,流通中货币M0余额,交易性及储蓄性货币资产规模。,货币存量与名义支出关系会受到持币行为、金融结构及统计口径变化影响。,比较可比货币增速、名义GDP与价格，区分长期关系和短期背离。,货币与名义增长背离由统计扩围或一次性存款迁移解释。,货币需求、金融深化、支付工具改变及口径修订。,不得把M2同比与GDP实际同比相减称作流通速度。,EG-金融统计,A_S14
MAP0105,M1,A042,狭义货币M1余额（2025新口径）,交易性及储蓄性货币资产规模。,货币存量与名义支出关系会受到持币行为、金融结构及统计口径变化影响。,比较可比货币增速、名义GDP与价格，区分长期关系和短期背离。,货币与名义增长背离由统计扩围或一次性存款迁移解释。,货币需求、金融深化、支付工具改变及口径修订。,不得把M2同比与GDP实际同比相减称作流通速度。,EG-金融统计,A_S14
MAP0106,M1,A043,广义货币M2余额及同比增长,交易性及储蓄性货币资产规模。,货币存量与名义支出关系会受到持币行为、金融结构及统计口径变化影响。,比较可比货币增速、名义GDP与价格，区分长期关系和短期背离。,货币与名义增长背离由统计扩围或一次性存款迁移解释。,货币需求、金融深化、支付工具改变及口径修订。,不得把M2同比与GDP实际同比相减称作流通速度。,EG-金融统计,A_S14
MAP0107,M1,A055,M2增速与GDP名义增速之差,识别货币存量与年度名义产出增长不一。,货币存量与名义支出关系会受到持币行为、金融结构及统计口径变化影响。,比较可比货币增速、名义GDP与价格，区分长期关系和短期背离。,货币与名义增长背离由统计扩围或一次性存款迁移解释。,货币需求、金融深化、支付工具改变及口径修订。,不得把M2同比与GDP实际同比相减称作流通速度。,EG-国民核算 + EG-金融统计,A_S17
MAP0108,M1,A059,居民消费价格指数CPI及涨跌幅,居民消费价格与实际购买力的总体价格证据。,货币存量与名义支出关系会受到持币行为、金融结构及统计口径变化影响。,比较可比货币增速、名义GDP与价格，区分长期关系和短期背离。,货币与名义增长背离由统计扩围或一次性存款迁移解释。,货币需求、金融深化、支付工具改变及口径修订。,不得把M2同比与GDP实际同比相减称作流通速度。,EG-A_S25,A_S25
MAP0109,M1,A060,核心CPI（不包括食品和能源）及涨跌幅,辅助识别食品和能源直接波动之外的价格走势。,货币存量与名义支出关系会受到持币行为、金融结构及统计口径变化影响。,比较可比货币增速、名义GDP与价格，区分长期关系和短期背离。,货币与名义增长背离由统计扩围或一次性存款迁移解释。,货币需求、金融深化、支付工具改变及口径修订。,不得把M2同比与GDP实际同比相减称作流通速度。,EG-A_S25,A_S25
MAP0110,M1,A061,服务CPI及涨跌幅,服务消费价格变化，与住户服务支出量价分离配套。,货币存量与名义支出关系会受到持币行为、金融结构及统计口径变化影响。,比较可比货币增速、名义GDP与价格，区分长期关系和短期背离。,货币与名义增长背离由统计扩围或一次性存款迁移解释。,货币需求、金融深化、支付工具改变及口径修订。,不得把M2同比与GDP实际同比相减称作流通速度。,EG-A_S25,A_S25
MAP0111,M1,A062,工业生产者出厂价格指数PPI及涨跌幅,工业销售价格环境，配合产量、收入和盈利分析。,货币存量与名义支出关系会受到持币行为、金融结构及统计口径变化影响。,比较可比货币增速、名义GDP与价格，区分长期关系和短期背离。,货币与名义增长背离由统计扩围或一次性存款迁移解释。,货币需求、金融深化、支付工具改变及口径修订。,不得把M2同比与GDP实际同比相减称作流通速度。,EG-A_S26,A_S26
MAP0112,M1,A063,工业生产者购进价格指数及涨跌幅,工业中间投入成本的价格变化。,货币存量与名义支出关系会受到持币行为、金融结构及统计口径变化影响。,比较可比货币增速、名义GDP与价格，区分长期关系和短期背离。,货币与名义增长背离由统计扩围或一次性存款迁移解释。,货币需求、金融深化、支付工具改变及口径修订。,不得把M2同比与GDP实际同比相减称作流通速度。,EG-A_S26,A_S26
MAP0113,M2,A016,居民人均消费支出,需求端住户消费水平。,活期、定期及不同部门存款变化为持币行为提供线索。,活期货币、部门存款结构与消费或交易活动方向一致。,存款变化源于部门间转移、理财回流或统计调整，支出并未变化。,存款替代、季末效应、财政收支时点。,新增住户存款不是住户储蓄流量，不能直接据此计算居民储蓄率。,EG-住户调查,A_S04
MAP0114,M2,A041,流通中货币M0余额,交易性及储蓄性货币资产规模。,活期、定期及不同部门存款变化为持币行为提供线索。,活期货币、部门存款结构与消费或交易活动方向一致。,存款变化源于部门间转移、理财回流或统计调整，支出并未变化。,存款替代、季末效应、财政收支时点。,新增住户存款不是住户储蓄流量，不能直接据此计算居民储蓄率。,EG-金融统计,A_S14
MAP0115,M2,A042,狭义货币M1余额（2025新口径）,交易性及储蓄性货币资产规模。,活期、定期及不同部门存款变化为持币行为提供线索。,活期货币、部门存款结构与消费或交易活动方向一致。,存款变化源于部门间转移、理财回流或统计调整，支出并未变化。,存款替代、季末效应、财政收支时点。,新增住户存款不是住户储蓄流量，不能直接据此计算居民储蓄率。,EG-金融统计,A_S14
MAP0116,M2,A043,广义货币M2余额及同比增长,交易性及储蓄性货币资产规模。,活期、定期及不同部门存款变化为持币行为提供线索。,活期货币、部门存款结构与消费或交易活动方向一致。,存款变化源于部门间转移、理财回流或统计调整，支出并未变化。,存款替代、季末效应、财政收支时点。,新增住户存款不是住户储蓄流量，不能直接据此计算居民储蓄率。,EG-金融统计,A_S14
MAP0117,M2,A046,人民币各项存款余额,流动资产在部门间的配置。,活期、定期及不同部门存款变化为持币行为提供线索。,活期货币、部门存款结构与消费或交易活动方向一致。,存款变化源于部门间转移、理财回流或统计调整，支出并未变化。,存款替代、季末效应、财政收支时点。,新增住户存款不是住户储蓄流量，不能直接据此计算居民储蓄率。,EG-金融统计,A_S17
MAP0118,M2,A047,人民币存款增加额,识别存款部门变化方向。,活期、定期及不同部门存款变化为持币行为提供线索。,活期货币、部门存款结构与消费或交易活动方向一致。,存款变化源于部门间转移、理财回流或统计调整，支出并未变化。,存款替代、季末效应、财政收支时点。,新增住户存款不是住户储蓄流量，不能直接据此计算居民储蓄率。,EG-金融统计,A_S14
MAP0119,M2,R008,机构部门总储蓄,连接部门收入、支出与资金余缺；需结合相邻账户解释变化。,活期、定期及不同部门存款变化为持币行为提供线索。,活期货币、部门存款结构与消费或交易活动方向一致。,存款变化源于部门间转移、理财回流或统计调整，支出并未变化。,存款替代、季末效应、财政收支时点。,新增住户存款不是住户储蓄流量，不能直接据此计算居民储蓄率。,EG-资金流量,R_FOF
MAP0120,M2,R014,住户部门总储蓄率,住户部门总储蓄占可支配总收入的比例。比较变化需同时看分子与分母。,活期、定期及不同部门存款变化为持币行为提供线索。,活期货币、部门存款结构与消费或交易活动方向一致。,存款变化源于部门间转移、理财回流或统计调整，支出并未变化。,存款替代、季末效应、财政收支时点。,新增住户存款不是住户储蓄流量，不能直接据此计算居民储蓄率。,EG-资金流量,R_FOF
MAP0121,M3,A016,居民人均消费支出,需求端住户消费水平。,融资成本变化要结合融资主体、期限及实际活动观察。,利率下降伴随企业或居民融资及相应投资消费改善。,融资增长集中于票据或政府债，私人支出弱；或利率下降但债务需求收缩。,贷款供给与需求同时变化、借新还旧、风险溢价和政策定向支持。,名义利率减当期通胀只是事后近似，不命名为事前实际利率。,EG-住户调查,A_S04
MAP0122,M3,A044,人民币各项贷款余额,存量信贷资金规模与部门结构。,融资成本变化要结合融资主体、期限及实际活动观察。,利率下降伴随企业或居民融资及相应投资消费改善。,融资增长集中于票据或政府债，私人支出弱；或利率下降但债务需求收缩。,贷款供给与需求同时变化、借新还旧、风险溢价和政策定向支持。,名义利率减当期通胀只是事后近似，不命名为事前实际利率。,EG-金融统计,A_S17
MAP0123,M3,A045,人民币贷款新增额,期间信贷扩张及期限结构。,融资成本变化要结合融资主体、期限及实际活动观察。,利率下降伴随企业或居民融资及相应投资消费改善。,融资增长集中于票据或政府债，私人支出弱；或利率下降但债务需求收缩。,贷款供给与需求同时变化、借新还旧、风险溢价和政策定向支持。,名义利率减当期通胀只是事后近似，不命名为事前实际利率。,EG-金融统计,A_S14
MAP0124,M3,A048,社会融资规模存量,各融资渠道存量规模及结构。,融资成本变化要结合融资主体、期限及实际活动观察。,利率下降伴随企业或居民融资及相应投资消费改善。,融资增长集中于票据或政府债，私人支出弱；或利率下降但债务需求收缩。,贷款供给与需求同时变化、借新还旧、风险溢价和政策定向支持。,名义利率减当期通胀只是事后近似，不命名为事前实际利率。,EG-金融统计,A_S16
MAP0125,M3,A049,社会融资规模增量,信贷、债券及其他融资对总融资的构成。,融资成本变化要结合融资主体、期限及实际活动观察。,利率下降伴随企业或居民融资及相应投资消费改善。,融资增长集中于票据或政府债，私人支出弱；或利率下降但债务需求收缩。,贷款供给与需求同时变化、借新还旧、风险溢价和政策定向支持。,名义利率减当期通胀只是事后近似，不命名为事前实际利率。,EG-金融统计,A_S15
MAP0126,M3,A050,贷款市场报价利率LPR,贷款定价参考的变动。,融资成本变化要结合融资主体、期限及实际活动观察。,利率下降伴随企业或居民融资及相应投资消费改善。,融资增长集中于票据或政府债，私人支出弱；或利率下降但债务需求收缩。,贷款供给与需求同时变化、借新还旧、风险溢价和政策定向支持。,名义利率减当期通胀只是事后近似，不命名为事前实际利率。,EG-A_S17,A_S17
MAP0127,M3,A051,新发放贷款加权平均利率,检验贷款融资价格的实际传导。,融资成本变化要结合融资主体、期限及实际活动观察。,利率下降伴随企业或居民融资及相应投资消费改善。,融资增长集中于票据或政府债，私人支出弱；或利率下降但债务需求收缩。,贷款供给与需求同时变化、借新还旧、风险溢价和政策定向支持。,名义利率减当期通胀只是事后近似，不命名为事前实际利率。,EG-A_S17,A_S17
MAP0128,M3,A052,银行间人民币同业拆借和质押式回购月加权利率,短期资金价格。,融资成本变化要结合融资主体、期限及实际活动观察。,利率下降伴随企业或居民融资及相应投资消费改善。,融资增长集中于票据或政府债，私人支出弱；或利率下降但债务需求收缩。,贷款供给与需求同时变化、借新还旧、风险溢价和政策定向支持。,名义利率减当期通胀只是事后近似，不命名为事前实际利率。,EG-A_S14,A_S14
MAP0129,M3,A053,公开市场7天期逆回购操作利率,政策利率向短期市场利率传导的起点。,融资成本变化要结合融资主体、期限及实际活动观察。,利率下降伴随企业或居民融资及相应投资消费改善。,融资增长集中于票据或政府债，私人支出弱；或利率下降但债务需求收缩。,贷款供给与需求同时变化、借新还旧、风险溢价和政策定向支持。,名义利率减当期通胀只是事后近似，不命名为事前实际利率。,EG-A_S21,A_S21
MAP0130,M3,B015,固定资产投资（不含农户）,观察投资建设投入,融资成本变化要结合融资主体、期限及实际活动观察。,利率下降伴随企业或居民融资及相应投资消费改善。,融资增长集中于票据或政府债，私人支出弱；或利率下降但债务需求收缩。,贷款供给与需求同时变化、借新还旧、风险溢价和政策定向支持。,名义利率减当期通胀只是事后近似，不命名为事前实际利率。,EG-B_S02,B_S02
MAP0131,M3,B035,新增地方政府债券发行额,新增预算筹資来源,融资成本变化要结合融资主体、期限及实际活动观察。,利率下降伴随企业或居民融资及相应投资消费改善。,融资增长集中于票据或政府债，私人支出弱；或利率下降但债务需求收缩。,贷款供给与需求同时变化、借新还旧、风险溢价和政策定向支持。,名义利率减当期通胀只是事后近似，不命名为事前实际利率。,EG-B_S05,B_S05
MAP0132,M3,B036,再融资地方政府债券发行额,再融资与期限置换活动,融资成本变化要结合融资主体、期限及实际活动观察。,利率下降伴随企业或居民融资及相应投资消费改善。,融资增长集中于票据或政府债，私人支出弱；或利率下降但债务需求收缩。,贷款供给与需求同时变化、借新还旧、风险溢价和政策定向支持。,名义利率减当期通胀只是事后近似，不命名为事前实际利率。,EG-B_S05,B_S05
MAP0133,M4,A014,居民人均可支配收入,观察家庭消费预算基础。,流动性、授信、融资取得、支出执行及收入形成是不同环节。,按货币→融资→支出→收入逐段对照并定位最先出现的背离。,所有阶段均改善却因使用不同时间或样本被误判为传导失败。,支出时滞、债务置换、财政与私人部门替代、数据发布滞后。,只能定位候选阻滞环节，不能从汇总统计推断个体资金去向。,EG-住户调查,A_S04
MAP0134,M4,A016,居民人均消费支出,需求端住户消费水平。,流动性、授信、融资取得、支出执行及收入形成是不同环节。,按货币→融资→支出→收入逐段对照并定位最先出现的背离。,所有阶段均改善却因使用不同时间或样本被误判为传导失败。,支出时滞、债务置换、财政与私人部门替代、数据发布滞后。,只能定位候选阻滞环节，不能从汇总统计推断个体资金去向。,EG-住户调查,A_S04
MAP0135,M4,A044,人民币各项贷款余额,存量信贷资金规模与部门结构。,流动性、授信、融资取得、支出执行及收入形成是不同环节。,按货币→融资→支出→收入逐段对照并定位最先出现的背离。,所有阶段均改善却因使用不同时间或样本被误判为传导失败。,支出时滞、债务置换、财政与私人部门替代、数据发布滞后。,只能定位候选阻滞环节，不能从汇总统计推断个体资金去向。,EG-金融统计,A_S17
MAP0136,M4,A045,人民币贷款新增额,期间信贷扩张及期限结构。,流动性、授信、融资取得、支出执行及收入形成是不同环节。,按货币→融资→支出→收入逐段对照并定位最先出现的背离。,所有阶段均改善却因使用不同时间或样本被误判为传导失败。,支出时滞、债务置换、财政与私人部门替代、数据发布滞后。,只能定位候选阻滞环节，不能从汇总统计推断个体资金去向。,EG-金融统计,A_S14
MAP0137,M4,A046,人民币各项存款余额,流动资产在部门间的配置。,流动性、授信、融资取得、支出执行及收入形成是不同环节。,按货币→融资→支出→收入逐段对照并定位最先出现的背离。,所有阶段均改善却因使用不同时间或样本被误判为传导失败。,支出时滞、债务置换、财政与私人部门替代、数据发布滞后。,只能定位候选阻滞环节，不能从汇总统计推断个体资金去向。,EG-金融统计,A_S17
MAP0138,M4,A047,人民币存款增加额,识别存款部门变化方向。,流动性、授信、融资取得、支出执行及收入形成是不同环节。,按货币→融资→支出→收入逐段对照并定位最先出现的背离。,所有阶段均改善却因使用不同时间或样本被误判为传导失败。,支出时滞、债务置换、财政与私人部门替代、数据发布滞后。,只能定位候选阻滞环节，不能从汇总统计推断个体资金去向。,EG-金融统计,A_S14
MAP0139,M4,A048,社会融资规模存量,各融资渠道存量规模及结构。,流动性、授信、融资取得、支出执行及收入形成是不同环节。,按货币→融资→支出→收入逐段对照并定位最先出现的背离。,所有阶段均改善却因使用不同时间或样本被误判为传导失败。,支出时滞、债务置换、财政与私人部门替代、数据发布滞后。,只能定位候选阻滞环节，不能从汇总统计推断个体资金去向。,EG-金融统计,A_S16
MAP0140,M4,A049,社会融资规模增量,信贷、债券及其他融资对总融资的构成。,流动性、授信、融资取得、支出执行及收入形成是不同环节。,按货币→融资→支出→收入逐段对照并定位最先出现的背离。,所有阶段均改善却因使用不同时间或样本被误判为传导失败。,支出时滞、债务置换、财政与私人部门替代、数据发布滞后。,只能定位候选阻滞环节，不能从汇总统计推断个体资金去向。,EG-金融统计,A_S15
MAP0141,M4,B001,规上工业营业收入,市场实现收入规模,流动性、授信、融资取得、支出执行及收入形成是不同环节。,按货币→融资→支出→收入逐段对照并定位最先出现的背离。,所有阶段均改善却因使用不同时间或样本被误判为传导失败。,支出时滞、债务置换、财政与私人部门替代、数据发布滞后。,只能定位候选阻滞环节，不能从汇总统计推断个体资金去向。,EG-规上工业财务,B_S01
MAP0142,M4,B003,规上工业利润总额,盈利及自筹资金能力线索,流动性、授信、融资取得、支出执行及收入形成是不同环节。,按货币→融资→支出→收入逐段对照并定位最先出现的背离。,所有阶段均改善却因使用不同时间或样本被误判为传导失败。,支出时滞、债务置换、财政与私人部门替代、数据发布滞后。,只能定位候选阻滞环节，不能从汇总统计推断个体资金去向。,EG-规上工业财务,B_S01
MAP0143,M4,B015,固定资产投资（不含农户）,观察投资建设投入,流动性、授信、融资取得、支出执行及收入形成是不同环节。,按货币→融资→支出→收入逐段对照并定位最先出现的背离。,所有阶段均改善却因使用不同时间或样本被误判为传导失败。,支出时滞、债务置换、财政与私人部门替代、数据发布滞后。,只能定位候选阻滞环节，不能从汇总统计推断个体资金去向。,EG-B_S02,B_S02
MAP0144,M4,B026,一般公共预算支出,公共支出强度与结构,流动性、授信、融资取得、支出执行及收入形成是不同环节。,按货币→融资→支出→收入逐段对照并定位最先出现的背离。,所有阶段均改善却因使用不同时间或样本被误判为传导失败。,支出时滞、债务置换、财政与私人部门替代、数据发布滞后。,只能定位候选阻滞环节，不能从汇总统计推断个体资金去向。,EG-B_S04,B_S04
MAP0145,M4,B030,政府性基金预算支出,项目及专项支出力度,流动性、授信、融资取得、支出执行及收入形成是不同环节。,按货币→融资→支出→收入逐段对照并定位最先出现的背离。,所有阶段均改善却因使用不同时间或样本被误判为传导失败。,支出时滞、债务置换、财政与私人部门替代、数据发布滞后。,只能定位候选阻滞环节，不能从汇总统计推断个体资金去向。,EG-B_S04,B_S04
MAP0146,F1,A044,人民币各项贷款余额,存量信贷资金规模与部门结构。,负债变化需要同时考虑债务规模、部门结构以及名义收入分母。,贷款、债券或政府债务等同口径余额和净融资显示部门分化。,增速变化来自核销、证券化、统计调整或债务部门转移。,债务置换、融资工具替代、GDP修订。,不能将非金融企业、地方政府和城投债务简单相加，必须检查重叠。,EG-金融统计,A_S17
MAP0147,F1,A045,人民币贷款新增额,期间信贷扩张及期限结构。,负债变化需要同时考虑债务规模、部门结构以及名义收入分母。,贷款、债券或政府债务等同口径余额和净融资显示部门分化。,增速变化来自核销、证券化、统计调整或债务部门转移。,债务置换、融资工具替代、GDP修订。,不能将非金融企业、地方政府和城投债务简单相加，必须检查重叠。,EG-金融统计,A_S14
MAP0148,F1,A048,社会融资规模存量,各融资渠道存量规模及结构。,负债变化需要同时考虑债务规模、部门结构以及名义收入分母。,贷款、债券或政府债务等同口径余额和净融资显示部门分化。,增速变化来自核销、证券化、统计调整或债务部门转移。,债务置换、融资工具替代、GDP修订。,不能将非金融企业、地方政府和城投债务简单相加，必须检查重叠。,EG-金融统计,A_S16
MAP0149,F1,A049,社会融资规模增量,信贷、债券及其他融资对总融资的构成。,负债变化需要同时考虑债务规模、部门结构以及名义收入分母。,贷款、债券或政府债务等同口径余额和净融资显示部门分化。,增速变化来自核销、证券化、统计调整或债务部门转移。,债务置换、融资工具替代、GDP修订。,不能将非金融企业、地方政府和城投债务简单相加，必须检查重叠。,EG-金融统计,A_S15
MAP0150,F1,B005,规上工业负债合计,债权性与经营性负债压力起点,负债变化需要同时考虑债务规模、部门结构以及名义收入分母。,贷款、债券或政府债务等同口径余额和净融资显示部门分化。,增速变化来自核销、证券化、统计调整或债务部门转移。,债务置换、融资工具替代、GDP修订。,不能将非金融企业、地方政府和城投债务简单相加，必须检查重叠。,EG-规上工业财务,B_S01
MAP0151,F1,B032,国债余额,中央债务规模起点,负债变化需要同时考虑债务规模、部门结构以及名义收入分母。,贷款、债券或政府债务等同口径余额和净融资显示部门分化。,增速变化来自核销、证券化、统计调整或债务部门转移。,债务置换、融资工具替代、GDP修订。,不能将非金融企业、地方政府和城投债务简单相加，必须检查重叠。,EG-B_S08,B_S08
MAP0152,F1,B033,地方政府一般债务余额,地方政府法定债务结构,负债变化需要同时考虑债务规模、部门结构以及名义收入分母。,贷款、债券或政府债务等同口径余额和净融资显示部门分化。,增速变化来自核销、证券化、统计调整或债务部门转移。,债务置换、融资工具替代、GDP修订。,不能将非金融企业、地方政府和城投债务简单相加，必须检查重叠。,EG-B_S08,B_S08
MAP0153,F1,B034,地方政府专项债务余额,地方政府法定债务结构,负债变化需要同时考虑债务规模、部门结构以及名义收入分母。,贷款、债券或政府债务等同口径余额和净融资显示部门分化。,增速变化来自核销、证券化、统计调整或债务部门转移。,债务置换、融资工具替代、GDP修订。,不能将非金融企业、地方政府和城投债务简单相加，必须检查重叠。,EG-B_S08,B_S08
MAP0154,F1,B035,新增地方政府债券发行额,新增预算筹資来源,负债变化需要同时考虑债务规模、部门结构以及名义收入分母。,贷款、债券或政府债务等同口径余额和净融资显示部门分化。,增速变化来自核销、证券化、统计调整或债务部门转移。,债务置换、融资工具替代、GDP修订。,不能将非金融企业、地方政府和城投债务简单相加，必须检查重叠。,EG-B_S05,B_S05
MAP0155,F1,B036,再融资地方政府债券发行额,再融资与期限置换活动,负债变化需要同时考虑债务规模、部门结构以及名义收入分母。,贷款、债券或政府债务等同口径余额和净融资显示部门分化。,增速变化来自核销、证券化、统计调整或债务部门转移。,债务置换、融资工具替代、GDP修订。,不能将非金融企业、地方政府和城投债务简单相加，必须检查重叠。,EG-B_S05,B_S05
MAP0156,F1,B053,经常账户差额,居民与非居民经常交易净额,负债变化需要同时考虑债务规模、部门结构以及名义收入分母。,贷款、债券或政府债务等同口径余额和净融资显示部门分化。,增速变化来自核销、证券化、统计调整或债务部门转移。,债务置换、融资工具替代、GDP修订。,不能将非金融企业、地方政府和城投债务简单相加，必须检查重叠。,EG-B_S15,B_S15
MAP0157,F1,B054,国际收支货物差额,货物交易净流入,负债变化需要同时考虑债务规模、部门结构以及名义收入分母。,贷款、债券或政府债务等同口径余额和净融资显示部门分化。,增速变化来自核销、证券化、统计调整或债务部门转移。,债务置换、融资工具替代、GDP修订。,不能将非金融企业、地方政府和城投债务简单相加，必须检查重叠。,EG-B_S15,B_S15
MAP0158,F1,B055,国际收支服务差额,服务贸易净需求,负债变化需要同时考虑债务规模、部门结构以及名义收入分母。,贷款、债券或政府债务等同口径余额和净融资显示部门分化。,增速变化来自核销、证券化、统计调整或债务部门转移。,债务置换、融资工具替代、GDP修订。,不能将非金融企业、地方政府和城投债务简单相加，必须检查重叠。,EG-B_S15,B_S15
MAP0159,F1,B056,初次收入差额,对外收入分配净额,负债变化需要同时考虑债务规模、部门结构以及名义收入分母。,贷款、债券或政府债务等同口径余额和净融资显示部门分化。,增速变化来自核销、证券化、统计调整或债务部门转移。,债务置换、融资工具替代、GDP修订。,不能将非金融企业、地方政府和城投债务简单相加，必须检查重叠。,EG-B_S15,B_S15
MAP0160,F1,B057,直接投资负债交易净额,对内直接投资的跨境交易流量,负债变化需要同时考虑债务规模、部门结构以及名义收入分母。,贷款、债券或政府债务等同口径余额和净融资显示部门分化。,增速变化来自核销、证券化、统计调整或债务部门转移。,债务置换、融资工具替代、GDP修订。,不能将非金融企业、地方政府和城投债务简单相加，必须检查重叠。,EG-B_S15,B_S15
MAP0161,F1,B058,证券投资负债交易净额,跨境证券融资流量,负债变化需要同时考虑债务规模、部门结构以及名义收入分母。,贷款、债券或政府债务等同口径余额和净融资显示部门分化。,增速变化来自核销、证券化、统计调整或债务部门转移。,债务置换、融资工具替代、GDP修订。,不能将非金融企业、地方政府和城投债务简单相加，必须检查重叠。,EG-B_S15,B_S15
MAP0162,F1,B059,对外金融资产,外部资产负债规模结构,负债变化需要同时考虑债务规模、部门结构以及名义收入分母。,贷款、债券或政府债务等同口径余额和净融资显示部门分化。,增速变化来自核销、证券化、统计调整或债务部门转移。,债务置换、融资工具替代、GDP修订。,不能将非金融企业、地方政府和城投债务简单相加，必须检查重叠。,EG-B_S16,B_S16
MAP0163,F1,B060,对外负债,外部资产负债规模结构,负债变化需要同时考虑债务规模、部门结构以及名义收入分母。,贷款、债券或政府债务等同口径余额和净融资显示部门分化。,增速变化来自核销、证券化、统计调整或债务部门转移。,债务置换、融资工具替代、GDP修订。,不能将非金融企业、地方政府和城投债务简单相加，必须检查重叠。,EG-B_S16,B_S16
MAP0164,F1,B061,全口径外债余额,外部债务规模与部门分布,负债变化需要同时考虑债务规模、部门结构以及名义收入分母。,贷款、债券或政府债务等同口径余额和净融资显示部门分化。,增速变化来自核销、证券化、统计调整或债务部门转移。,债务置换、融资工具替代、GDP修订。,不能将非金融企业、地方政府和城投债务简单相加，必须检查重叠。,EG-B_S17,B_S17
MAP0165,F1,B062,签约短期外债余额,原始短期限外债结构,负债变化需要同时考虑债务规模、部门结构以及名义收入分母。,贷款、债券或政府债务等同口径余额和净融资显示部门分化。,增速变化来自核销、证券化、统计调整或债务部门转移。,债务置换、融资工具替代、GDP修订。,不能将非金融企业、地方政府和城投债务简单相加，必须检查重叠。,EG-B_S17,B_S17
MAP0166,F1,B063,签约短期外债占比,外债签约期限结构,负债变化需要同时考虑债务规模、部门结构以及名义收入分母。,贷款、债券或政府债务等同口径余额和净融资显示部门分化。,增速变化来自核销、证券化、统计调整或债务部门转移。,债务置换、融资工具替代、GDP修订。,不能将非金融企业、地方政府和城投债务简单相加，必须检查重叠。,EG-B_S17,B_S17
MAP0167,F1,R010,机构部门净金融投资,连接部门收入、支出与资金余缺；需结合相邻账户解释变化。,负债变化需要同时考虑债务规模、部门结构以及名义收入分母。,贷款、债券或政府债务等同口径余额和净融资显示部门分化。,增速变化来自核销、证券化、统计调整或债务部门转移。,债务置换、融资工具替代、GDP修订。,不能将非金融企业、地方政府和城投债务简单相加，必须检查重叠。,EG-资金流量,R_FOF
MAP0168,F2,B001,规上工业营业收入,市场实现收入规模,相同债务规模下，现金流、付息负担和到期结构决定压力差异。,公开收入/利润/财政收支与付息或债务指标联合显示缓冲收窄。,利润变弱但现金回款改善，或期限延长和利息下降减轻当期压力。,债务展期、资产处置、财政转移、会计利润与现金流差异。,政府债务/预算收入是压力代理，不是有统一阈值的违约概率。,EG-规上工业财务,B_S01
MAP0169,F2,B002,规上工业营业成本,经营成本压力,相同债务规模下，现金流、付息负担和到期结构决定压力差异。,公开收入/利润/财政收支与付息或债务指标联合显示缓冲收窄。,利润变弱但现金回款改善，或期限延长和利息下降减轻当期压力。,债务展期、资产处置、财政转移、会计利润与现金流差异。,政府债务/预算收入是压力代理，不是有统一阈值的违约概率。,EG-规上工业财务,B_S01
MAP0170,F2,B003,规上工业利润总额,盈利及自筹资金能力线索,相同债务规模下，现金流、付息负担和到期结构决定压力差异。,公开收入/利润/财政收支与付息或债务指标联合显示缓冲收窄。,利润变弱但现金回款改善，或期限延长和利息下降减轻当期压力。,债务展期、资产处置、财政转移、会计利润与现金流差异。,政府债务/预算收入是压力代理，不是有统一阈值的违约概率。,EG-规上工业财务,B_S01
MAP0171,F2,B004,规上工业资产总计,资产规模分母,相同债务规模下，现金流、付息负担和到期结构决定压力差异。,公开收入/利润/财政收支与付息或债务指标联合显示缓冲收窄。,利润变弱但现金回款改善，或期限延长和利息下降减轻当期压力。,债务展期、资产处置、财政转移、会计利润与现金流差异。,政府债务/预算收入是压力代理，不是有统一阈值的违约概率。,EG-规上工业财务,B_S01
MAP0172,F2,B005,规上工业负债合计,债权性与经营性负债压力起点,相同债务规模下，现金流、付息负担和到期结构决定压力差异。,公开收入/利润/财政收支与付息或债务指标联合显示缓冲收窄。,利润变弱但现金回款改善，或期限延长和利息下降减轻当期压力。,债务展期、资产处置、财政转移、会计利润与现金流差异。,政府债务/预算收入是压力代理，不是有统一阈值的违约概率。,EG-规上工业财务,B_S01
MAP0173,F2,B006,规上工业所有者权益合计,账面损失缓冲,相同债务规模下，现金流、付息负担和到期结构决定压力差异。,公开收入/利润/财政收支与付息或债务指标联合显示缓冲收窄。,利润变弱但现金回款改善，或期限延长和利息下降减轻当期压力。,债务展期、资产处置、财政转移、会计利润与现金流差异。,政府债务/预算收入是压力代理，不是有统一阈值的违约概率。,EG-规上工业财务,B_S01
MAP0174,F2,B007,规上工业应收账款,收入到回款之间资金占用,相同债务规模下，现金流、付息负担和到期结构决定压力差异。,公开收入/利润/财政收支与付息或债务指标联合显示缓冲收窄。,利润变弱但现金回款改善，或期限延长和利息下降减轻当期压力。,债务展期、资产处置、财政转移、会计利润与现金流差异。,政府债务/预算收入是压力代理，不是有统一阈值的违约概率。,EG-规上工业财务,B_S01
MAP0175,F2,B009,规上工业营业收入利润率,收入转换为税前盈利的比例,相同债务规模下，现金流、付息负担和到期结构决定压力差异。,公开收入/利润/财政收支与付息或债务指标联合显示缓冲收窄。,利润变弱但现金回款改善，或期限延长和利息下降减轻当期压力。,债务展期、资产处置、财政转移、会计利润与现金流差异。,政府债务/预算收入是压力代理，不是有统一阈值的违约概率。,EG-规上工业财务,B_S01
MAP0176,F2,B010,规上工业资产负债率,账面杠杆程度,相同债务规模下，现金流、付息负担和到期结构决定压力差异。,公开收入/利润/财政收支与付息或债务指标联合显示缓冲收窄。,利润变弱但现金回款改善，或期限延长和利息下降减轻当期压力。,债务展期、资产处置、财政转移、会计利润与现金流差异。,政府债务/预算收入是压力代理，不是有统一阈值的违约概率。,EG-规上工业财务,B_S01
MAP0177,F2,B011,规上工业应收账款平均回收期,回款速度,相同债务规模下，现金流、付息负担和到期结构决定压力差异。,公开收入/利润/财政收支与付息或债务指标联合显示缓冲收窄。,利润变弱但现金回款改善，或期限延长和利息下降减轻当期压力。,债务展期、资产处置、财政转移、会计利润与现金流差异。,政府债务/预算收入是压力代理，不是有统一阈值的违约概率。,EG-规上工业财务,B_S01
MAP0178,F2,B023,房地产开发企业本年到位资金,开发资金可得性,相同债务规模下，现金流、付息负担和到期结构决定压力差异。,公开收入/利润/财政收支与付息或债务指标联合显示缓冲收窄。,利润变弱但现金回款改善，或期限延长和利息下降减轻当期压力。,债务展期、资产处置、财政转移、会计利润与现金流差异。,政府债务/预算收入是压力代理，不是有统一阈值的违约概率。,EG-B_S03,B_S03
MAP0179,F2,B024,新建商品房平均合同单价,解释销售额中量和单位价款变化,相同债务规模下，现金流、付息负担和到期结构决定压力差异。,公开收入/利润/财政收支与付息或债务指标联合显示缓冲收窄。,利润变弱但现金回款改善，或期限延长和利息下降减轻当期压力。,债务展期、资产处置、财政转移、会计利润与现金流差异。,政府债务/预算收入是压力代理，不是有统一阈值的违约概率。,EG-B_S03,B_S03
MAP0180,F2,B025,一般公共预算收入,财政常规收入基础,相同债务规模下，现金流、付息负担和到期结构决定压力差异。,公开收入/利润/财政收支与付息或债务指标联合显示缓冲收窄。,利润变弱但现金回款改善，或期限延长和利息下降减轻当期压力。,债务展期、资产处置、财政转移、会计利润与现金流差异。,政府债务/预算收入是压力代理，不是有统一阈值的违约概率。,EG-B_S04,B_S04
MAP0181,F2,B026,一般公共预算支出,公共支出强度与结构,相同债务规模下，现金流、付息负担和到期结构决定压力差异。,公开收入/利润/财政收支与付息或债务指标联合显示缓冲收窄。,利润变弱但现金回款改善，或期限延长和利息下降减轻当期压力。,债务展期、资产处置、财政转移、会计利润与现金流差异。,政府债务/预算收入是压力代理，不是有统一阈值的违约概率。,EG-B_S04,B_S04
MAP0182,F2,B027,非税收入,收入结构与非经常来源线索,相同债务规模下，现金流、付息负担和到期结构决定压力差异。,公开收入/利润/财政收支与付息或债务指标联合显示缓冲收窄。,利润变弱但现金回款改善，或期限延长和利息下降减轻当期压力。,债务展期、资产处置、财政转移、会计利润与现金流差异。,政府债务/预算收入是压力代理，不是有统一阈值的违约概率。,EG-B_S04,B_S04
MAP0183,F2,B028,国有土地使用权出让收入,土地相关财政现金来源,相同债务规模下，现金流、付息负担和到期结构决定压力差异。,公开收入/利润/财政收支与付息或债务指标联合显示缓冲收窄。,利润变弱但现金回款改善，或期限延长和利息下降减轻当期压力。,债务展期、资产处置、财政转移、会计利润与现金流差异。,政府债务/预算收入是压力代理，不是有统一阈值的违约概率。,EG-B_S04,B_S04
MAP0184,F2,B029,政府性基金预算收入,专项政府收入基础,相同债务规模下，现金流、付息负担和到期结构决定压力差异。,公开收入/利润/财政收支与付息或债务指标联合显示缓冲收窄。,利润变弱但现金回款改善，或期限延长和利息下降减轻当期压力。,债务展期、资产处置、财政转移、会计利润与现金流差异。,政府债务/预算收入是压力代理，不是有统一阈值的违约概率。,EG-B_S04,B_S04
MAP0185,F2,B030,政府性基金预算支出,项目及专项支出力度,相同债务规模下，现金流、付息负担和到期结构决定压力差异。,公开收入/利润/财政收支与付息或债务指标联合显示缓冲收窄。,利润变弱但现金回款改善，或期限延长和利息下降减轻当期压力。,债务展期、资产处置、财政转移、会计利润与现金流差异。,政府债务/预算收入是压力代理，不是有统一阈值的违约概率。,EG-B_S04,B_S04
MAP0186,F2,B031,中央对地方一般公共预算转移支付,区域财政支撑与再分配,相同债务规模下，现金流、付息负担和到期结构决定压力差异。,公开收入/利润/财政收支与付息或债务指标联合显示缓冲收窄。,利润变弱但现金回款改善，或期限延长和利息下降减轻当期压力。,债务展期、资产处置、财政转移、会计利润与现金流差异。,政府债务/预算收入是压力代理，不是有统一阈值的违约概率。,EG-B_S08,B_S08
MAP0187,F2,B032,国债余额,中央债务规模起点,相同债务规模下，现金流、付息负担和到期结构决定压力差异。,公开收入/利润/财政收支与付息或债务指标联合显示缓冲收窄。,利润变弱但现金回款改善，或期限延长和利息下降减轻当期压力。,债务展期、资产处置、财政转移、会计利润与现金流差异。,政府债务/预算收入是压力代理，不是有统一阈值的违约概率。,EG-B_S08,B_S08
MAP0188,F2,B033,地方政府一般债务余额,地方政府法定债务结构,相同债务规模下，现金流、付息负担和到期结构决定压力差异。,公开收入/利润/财政收支与付息或债务指标联合显示缓冲收窄。,利润变弱但现金回款改善，或期限延长和利息下降减轻当期压力。,债务展期、资产处置、财政转移、会计利润与现金流差异。,政府债务/预算收入是压力代理，不是有统一阈值的违约概率。,EG-B_S08,B_S08
MAP0189,F2,B034,地方政府专项债务余额,地方政府法定债务结构,相同债务规模下，现金流、付息负担和到期结构决定压力差异。,公开收入/利润/财政收支与付息或债务指标联合显示缓冲收窄。,利润变弱但现金回款改善，或期限延长和利息下降减轻当期压力。,债务展期、资产处置、财政转移、会计利润与现金流差异。,政府债务/预算收入是压力代理，不是有统一阈值的违约概率。,EG-B_S08,B_S08
MAP0190,F2,B035,新增地方政府债券发行额,新增预算筹資来源,相同债务规模下，现金流、付息负担和到期结构决定压力差异。,公开收入/利润/财政收支与付息或债务指标联合显示缓冲收窄。,利润变弱但现金回款改善，或期限延长和利息下降减轻当期压力。,债务展期、资产处置、财政转移、会计利润与现金流差异。,政府债务/预算收入是压力代理，不是有统一阈值的违约概率。,EG-B_S05,B_S05
MAP0191,F2,B036,再融资地方政府债券发行额,再融资与期限置换活动,相同债务规模下，现金流、付息负担和到期结构决定压力差异。,公开收入/利润/财政收支与付息或债务指标联合显示缓冲收窄。,利润变弱但现金回款改善，或期限延长和利息下降减轻当期压力。,债务展期、资产处置、财政转移、会计利润与现金流差异。,政府债务/预算收入是压力代理，不是有统一阈值的违约概率。,EG-B_S05,B_S05
MAP0192,F2,B037,地方政府债券到期偿还本金,到期周转需求,相同债务规模下，现金流、付息负担和到期结构决定压力差异。,公开收入/利润/财政收支与付息或债务指标联合显示缓冲收窄。,利润变弱但现金回款改善，或期限延长和利息下降减轻当期压力。,债务展期、资产处置、财政转移、会计利润与现金流差异。,政府债务/预算收入是压力代理，不是有统一阈值的违约概率。,EG-B_S05,B_S05
MAP0193,F2,B038,地方政府债券支付利息,债券利息支出流量,相同债务规模下，现金流、付息负担和到期结构决定压力差异。,公开收入/利润/财政收支与付息或债务指标联合显示缓冲收窄。,利润变弱但现金回款改善，或期限延长和利息下降减轻当期压力。,债务展期、资产处置、财政转移、会计利润与现金流差异。,政府债务/预算收入是压力代理，不是有统一阈值的违约概率。,EG-B_S05,B_S05
MAP0194,F3,A044,人民币各项贷款余额,存量信贷资金规模与部门结构。,地产价格、成交和回款变化可能影响抵押品、企业现金流及地方土地收入。,房价与成交、开发资金、土地收入和相关融资相互印证。,价格下降但成交回升、回款改善或现金缓冲充足。,住房结构变化、以价换量、土地供给节奏和项目交付。,成交均价受结构影响，不能等同于同质住房价格指数或抵押品价值。,EG-金融统计,A_S17
MAP0195,F3,A045,人民币贷款新增额,期间信贷扩张及期限结构。,地产价格、成交和回款变化可能影响抵押品、企业现金流及地方土地收入。,房价与成交、开发资金、土地收入和相关融资相互印证。,价格下降但成交回升、回款改善或现金缓冲充足。,住房结构变化、以价换量、土地供给节奏和项目交付。,成交均价受结构影响，不能等同于同质住房价格指数或抵押品价值。,EG-金融统计,A_S14
MAP0196,F3,B017,房地产开发投资,开发建设投入,地产价格、成交和回款变化可能影响抵押品、企业现金流及地方土地收入。,房价与成交、开发资金、土地收入和相关融资相互印证。,价格下降但成交回升、回款改善或现金缓冲充足。,住房结构变化、以价换量、土地供给节奏和项目交付。,成交均价受结构影响，不能等同于同质住房价格指数或抵押品价值。,EG-B_S03,B_S03
MAP0197,F3,B018,房屋新开工面积,新增建设项目量,地产价格、成交和回款变化可能影响抵押品、企业现金流及地方土地收入。,房价与成交、开发资金、土地收入和相关融资相互印证。,价格下降但成交回升、回款改善或现金缓冲充足。,住房结构变化、以价换量、土地供给节奏和项目交付。,成交均价受结构影响，不能等同于同质住房价格指数或抵押品价值。,EG-B_S03,B_S03
MAP0198,F3,B019,房屋竣工面积,建设完工验证,地产价格、成交和回款变化可能影响抵押品、企业现金流及地方土地收入。,房价与成交、开发资金、土地收入和相关融资相互印证。,价格下降但成交回升、回款改善或现金缓冲充足。,住房结构变化、以价换量、土地供给节奏和项目交付。,成交均价受结构影响，不能等同于同质住房价格指数或抵押品价值。,EG-B_S03,B_S03
MAP0199,F3,B020,新建商品房销售面积,新房购买需求量,地产价格、成交和回款变化可能影响抵押品、企业现金流及地方土地收入。,房价与成交、开发资金、土地收入和相关融资相互印证。,价格下降但成交回升、回款改善或现金缓冲充足。,住房结构变化、以价换量、土地供给节奏和项目交付。,成交均价受结构影响，不能等同于同质住房价格指数或抵押品价值。,EG-B_S03,B_S03
MAP0200,F3,B021,新建商品房销售额,合同交易规模,地产价格、成交和回款变化可能影响抵押品、企业现金流及地方土地收入。,房价与成交、开发资金、土地收入和相关融资相互印证。,价格下降但成交回升、回款改善或现金缓冲充足。,住房结构变化、以价换量、土地供给节奏和项目交付。,成交均价受结构影响，不能等同于同质住房价格指数或抵押品价值。,EG-B_S03,B_S03
MAP0201,F3,B022,商品房待售面积,已竣工待售库存,地产价格、成交和回款变化可能影响抵押品、企业现金流及地方土地收入。,房价与成交、开发资金、土地收入和相关融资相互印证。,价格下降但成交回升、回款改善或现金缓冲充足。,住房结构变化、以价换量、土地供给节奏和项目交付。,成交均价受结构影响，不能等同于同质住房价格指数或抵押品价值。,EG-B_S03,B_S03
MAP0202,F3,B023,房地产开发企业本年到位资金,开发资金可得性,地产价格、成交和回款变化可能影响抵押品、企业现金流及地方土地收入。,房价与成交、开发资金、土地收入和相关融资相互印证。,价格下降但成交回升、回款改善或现金缓冲充足。,住房结构变化、以价换量、土地供给节奏和项目交付。,成交均价受结构影响，不能等同于同质住房价格指数或抵押品价值。,EG-B_S03,B_S03
MAP0203,F3,B024,新建商品房平均合同单价,解释销售额中量和单位价款变化,地产价格、成交和回款变化可能影响抵押品、企业现金流及地方土地收入。,房价与成交、开发资金、土地收入和相关融资相互印证。,价格下降但成交回升、回款改善或现金缓冲充足。,住房结构变化、以价换量、土地供给节奏和项目交付。,成交均价受结构影响，不能等同于同质住房价格指数或抵押品价值。,EG-B_S03,B_S03
MAP0204,F3,B028,国有土地使用权出让收入,土地相关财政现金来源,地产价格、成交和回款变化可能影响抵押品、企业现金流及地方土地收入。,房价与成交、开发资金、土地收入和相关融资相互印证。,价格下降但成交回升、回款改善或现金缓冲充足。,住房结构变化、以价换量、土地供给节奏和项目交付。,成交均价受结构影响，不能等同于同质住房价格指数或抵押品价值。,EG-B_S04,B_S04
MAP0205,F3,E007,70城新建商品住宅销售价格指数,观察城市住宅价格变化及与交易量、抵押品和融资的关系。,地产价格、成交和回款变化可能影响抵押品、企业现金流及地方土地收入。,房价与成交、开发资金、土地收入和相关融资相互印证。,价格下降但成交回升、回款改善或现金缓冲充足。,住房结构变化、以价换量、土地供给节奏和项目交付。,成交均价受结构影响，不能等同于同质住房价格指数或抵押品价值。,EG-E_S05,E_S05
MAP0206,F3,E008,70城二手住宅销售价格指数,观察城市住宅价格变化及与交易量、抵押品和融资的关系。,地产价格、成交和回款变化可能影响抵押品、企业现金流及地方土地收入。,房价与成交、开发资金、土地收入和相关融资相互印证。,价格下降但成交回升、回款改善或现金缓冲充足。,住房结构变化、以价换量、土地供给节奏和项目交付。,成交均价受结构影响，不能等同于同质住房价格指数或抵押品价值。,EG-E_S05,E_S05
MAP0207,F4,B023,房地产开发企业本年到位资金,开发资金可得性,地产和企业支付能力变化可能通过财政、贷款及金融机构损益传递。,债务/回款变化与相关财政或银行指标在匹配范围内同向变化。,银行指标改善由核销或分母扩张造成，或全国数据掩盖局部风险。,风险处置、会计确认时滞、监管口径及机构样本变化。,银行不良率下降不单独证明风险消失；无地域匹配数据不下城市银行结论。,EG-B_S03,B_S03
MAP0208,F4,B026,一般公共预算支出,公共支出强度与结构,地产和企业支付能力变化可能通过财政、贷款及金融机构损益传递。,债务/回款变化与相关财政或银行指标在匹配范围内同向变化。,银行指标改善由核销或分母扩张造成，或全国数据掩盖局部风险。,风险处置、会计确认时滞、监管口径及机构样本变化。,银行不良率下降不单独证明风险消失；无地域匹配数据不下城市银行结论。,EG-B_S04,B_S04
MAP0209,F4,B028,国有土地使用权出让收入,土地相关财政现金来源,地产和企业支付能力变化可能通过财政、贷款及金融机构损益传递。,债务/回款变化与相关财政或银行指标在匹配范围内同向变化。,银行指标改善由核销或分母扩张造成，或全国数据掩盖局部风险。,风险处置、会计确认时滞、监管口径及机构样本变化。,银行不良率下降不单独证明风险消失；无地域匹配数据不下城市银行结论。,EG-B_S04,B_S04
MAP0210,F4,B038,地方政府债券支付利息,债券利息支出流量,地产和企业支付能力变化可能通过财政、贷款及金融机构损益传递。,债务/回款变化与相关财政或银行指标在匹配范围内同向变化。,银行指标改善由核销或分母扩张造成，或全国数据掩盖局部风险。,风险处置、会计确认时滞、监管口径及机构样本变化。,银行不良率下降不单独证明风险消失；无地域匹配数据不下城市银行结论。,EG-B_S05,B_S05
MAP0211,F4,B039,商业银行不良贷款余额,识别已确认信用风险规模,地产和企业支付能力变化可能通过财政、贷款及金融机构损益传递。,债务/回款变化与相关财政或银行指标在匹配范围内同向变化。,银行指标改善由核销或分母扩张造成，或全国数据掩盖局部风险。,风险处置、会计确认时滞、监管口径及机构样本变化。,银行不良率下降不单独证明风险消失；无地域匹配数据不下城市银行结论。,EG-银行监管,B_S09
MAP0212,F4,B040,商业银行不良贷款率,确认不良占贷款比重,地产和企业支付能力变化可能通过财政、贷款及金融机构损益传递。,债务/回款变化与相关财政或银行指标在匹配范围内同向变化。,银行指标改善由核销或分母扩张造成，或全国数据掩盖局部风险。,风险处置、会计确认时滞、监管口径及机构样本变化。,银行不良率下降不单独证明风险消失；无地域匹配数据不下城市银行结论。,EG-银行监管,B_S09
MAP0213,F4,B041,商业银行关注类贷款余额,信用风险前端信号,地产和企业支付能力变化可能通过财政、贷款及金融机构损益传递。,债务/回款变化与相关财政或银行指标在匹配范围内同向变化。,银行指标改善由核销或分母扩张造成，或全国数据掩盖局部风险。,风险处置、会计确认时滞、监管口径及机构样本变化。,银行不良率下降不单独证明风险消失；无地域匹配数据不下城市银行结论。,EG-银行监管,B_S09
MAP0214,F4,B042,商业银行贷款损失准备,贷款损失吸收储备,地产和企业支付能力变化可能通过财政、贷款及金融机构损益传递。,债务/回款变化与相关财政或银行指标在匹配范围内同向变化。,银行指标改善由核销或分母扩张造成，或全国数据掩盖局部风险。,风险处置、会计确认时滞、监管口径及机构样本变化。,银行不良率下降不单独证明风险消失；无地域匹配数据不下城市银行结论。,EG-银行监管,B_S09
MAP0215,F4,B043,商业银行拨备覆盖率,确认不良对应拨备比率,地产和企业支付能力变化可能通过财政、贷款及金融机构损益传递。,债务/回款变化与相关财政或银行指标在匹配范围内同向变化。,银行指标改善由核销或分母扩张造成，或全国数据掩盖局部风险。,风险处置、会计确认时滞、监管口径及机构样本变化。,银行不良率下降不单独证明风险消失；无地域匹配数据不下城市银行结论。,EG-银行监管,B_S09
MAP0216,F4,B044,商业银行资本净额,合规资本缓冲规模,地产和企业支付能力变化可能通过财政、贷款及金融机构损益传递。,债务/回款变化与相关财政或银行指标在匹配范围内同向变化。,银行指标改善由核销或分母扩张造成，或全国数据掩盖局部风险。,风险处置、会计确认时滞、监管口径及机构样本变化。,银行不良率下降不单独证明风险消失；无地域匹配数据不下城市银行结论。,EG-银行监管,B_S09
MAP0217,F4,B045,商业银行风险加权资产合计,资本充足率的风险暴露分母,地产和企业支付能力变化可能通过财政、贷款及金融机构损益传递。,债务/回款变化与相关财政或银行指标在匹配范围内同向变化。,银行指标改善由核销或分母扩张造成，或全国数据掩盖局部风险。,风险处置、会计确认时滞、监管口径及机构样本变化。,银行不良率下降不单独证明风险消失；无地域匹配数据不下城市银行结论。,EG-银行监管,B_S09
MAP0218,F4,B046,商业银行资本充足率,风险暴露对应资本厚度,地产和企业支付能力变化可能通过财政、贷款及金融机构损益传递。,债务/回款变化与相关财政或银行指标在匹配范围内同向变化。,银行指标改善由核销或分母扩张造成，或全国数据掩盖局部风险。,风险处置、会计确认时滞、监管口径及机构样本变化。,银行不良率下降不单独证明风险消失；无地域匹配数据不下城市银行结论。,EG-银行监管,B_S09
MAP0219,F4,B047,商业银行核心一级资本充足率,高质量资本缓冲,地产和企业支付能力变化可能通过财政、贷款及金融机构损益传递。,债务/回款变化与相关财政或银行指标在匹配范围内同向变化。,银行指标改善由核销或分母扩张造成，或全国数据掩盖局部风险。,风险处置、会计确认时滞、监管口径及机构样本变化。,银行不良率下降不单独证明风险消失；无地域匹配数据不下城市银行结论。,EG-银行监管,B_S09
MAP0220,F4,B048,商业银行流动性覆盖率,短期压力流动性缓冲,地产和企业支付能力变化可能通过财政、贷款及金融机构损益传递。,债务/回款变化与相关财政或银行指标在匹配范围内同向变化。,银行指标改善由核销或分母扩张造成，或全国数据掩盖局部风险。,风险处置、会计确认时滞、监管口径及机构样本变化。,银行不良率下降不单独证明风险消失；无地域匹配数据不下城市银行结论。,EG-银行监管,B_S09
MAP0221,F4,B049,商业银行净稳定资金比例,较长期稳定融资覆盖,地产和企业支付能力变化可能通过财政、贷款及金融机构损益传递。,债务/回款变化与相关财政或银行指标在匹配范围内同向变化。,银行指标改善由核销或分母扩张造成，或全国数据掩盖局部风险。,风险处置、会计确认时滞、监管口径及机构样本变化。,银行不良率下降不单独证明风险消失；无地域匹配数据不下城市银行结论。,EG-银行监管,B_S09
MAP0222,F4,B050,商业银行净利润,内生资本补充能力线索,地产和企业支付能力变化可能通过财政、贷款及金融机构损益传递。,债务/回款变化与相关财政或银行指标在匹配范围内同向变化。,银行指标改善由核销或分母扩张造成，或全国数据掩盖局部风险。,风险处置、会计确认时滞、监管口径及机构样本变化。,银行不良率下降不单独证明风险消失；无地域匹配数据不下城市银行结论。,EG-银行监管,B_S09
MAP0223,G1,A025,全国城镇调查失业率,识别进入劳动力市场者的失业状况。,劳动供给由人口结构、就业参与、健康、教育及技能共同影响。,劳动年龄人口、就业、教育与技能指标给出一致或分化的结构趋势。,人口下降但参与率、工时或人力资本改善抵消部分影响。,退休制度、迁移、教育扩张和调查口径差异。,在校生规模不是现有劳动力技能水平；不同年龄区间不得拼接。,EG-劳动力调查,A_S07
MAP0224,G1,A026,不含在校生分年龄组城镇调查失业率,检查年龄结构差异。,劳动供给由人口结构、就业参与、健康、教育及技能共同影响。,劳动年龄人口、就业、教育与技能指标给出一致或分化的结构趋势。,人口下降但参与率、工时或人力资本改善抵消部分影响。,退休制度、迁移、教育扩张和调查口径差异。,在校生规模不是现有劳动力技能水平；不同年龄区间不得拼接。,EG-劳动力调查,A_S08
MAP0225,G1,A027,全国企业就业人员周平均工作时间,辅助判断劳动强度。,劳动供给由人口结构、就业参与、健康、教育及技能共同影响。,劳动年龄人口、就业、教育与技能指标给出一致或分化的结构趋势。,人口下降但参与率、工时或人力资本改善抵消部分影响。,退休制度、迁移、教育扩张和调查口径差异。,在校生规模不是现有劳动力技能水平；不同年龄区间不得拼接。,EG-劳动力调查,A_S07
MAP0226,G1,A028,全国就业人员年末人数,劳动投入人数规模。,劳动供给由人口结构、就业参与、健康、教育及技能共同影响。,劳动年龄人口、就业、教育与技能指标给出一致或分化的结构趋势。,人口下降但参与率、工时或人力资本改善抵消部分影响。,退休制度、迁移、教育扩张和调查口径差异。,在校生规模不是现有劳动力技能水平；不同年龄区间不得拼接。,EG-A_S03,A_S03
MAP0227,G1,A029,城镇新增就业人数,行政统计的就业增量信号。,劳动供给由人口结构、就业参与、健康、教育及技能共同影响。,劳动年龄人口、就业、教育与技能指标给出一致或分化的结构趋势。,人口下降但参与率、工时或人力资本改善抵消部分影响。,退休制度、迁移、教育扩张和调查口径差异。,在校生规模不是现有劳动力技能水平；不同年龄区间不得拼接。,EG-A_S03,A_S03
MAP0228,G1,A030,农民工总量,劳动力跨地域和非农配置规模。,劳动供给由人口结构、就业参与、健康、教育及技能共同影响。,劳动年龄人口、就业、教育与技能指标给出一致或分化的结构趋势。,人口下降但参与率、工时或人力资本改善抵消部分影响。,退休制度、迁移、教育扩张和调查口径差异。,在校生规模不是现有劳动力技能水平；不同年龄区间不得拼接。,EG-A_S03,A_S03
MAP0229,G1,C021,年末人口数,提供人均指标与长期劳动供给边界。,劳动供给由人口结构、就业参与、健康、教育及技能共同影响。,劳动年龄人口、就业、教育与技能指标给出一致或分化的结构趋势。,人口下降但参与率、工时或人力资本改善抵消部分影响。,退休制度、迁移、教育扩张和调查口径差异。,在校生规模不是现有劳动力技能水平；不同年龄区间不得拼接。,EG-C_S02,C_S02
MAP0230,G1,C022,年末分年龄人口,识别劳动力年龄基础和养老/教育需求。,劳动供给由人口结构、就业参与、健康、教育及技能共同影响。,劳动年龄人口、就业、教育与技能指标给出一致或分化的结构趋势。,人口下降但参与率、工时或人力资本改善抵消部分影响。,退休制度、迁移、教育扩张和调查口径差异。,在校生规模不是现有劳动力技能水平；不同年龄区间不得拼接。,EG-C_S02,C_S02
MAP0231,G1,C023,人口出生率,观察人口自然变动与未来年龄队列。,劳动供给由人口结构、就业参与、健康、教育及技能共同影响。,劳动年龄人口、就业、教育与技能指标给出一致或分化的结构趋势。,人口下降但参与率、工时或人力资本改善抵消部分影响。,退休制度、迁移、教育扩张和调查口径差异。,在校生规模不是现有劳动力技能水平；不同年龄区间不得拼接。,EG-C_S02,C_S02
MAP0232,G1,C024,人口自然增长率,观察人口自然变动与未来年龄队列。,劳动供给由人口结构、就业参与、健康、教育及技能共同影响。,劳动年龄人口、就业、教育与技能指标给出一致或分化的结构趋势。,人口下降但参与率、工时或人力资本改善抵消部分影响。,退休制度、迁移、教育扩张和调查口径差异。,在校生规模不是现有劳动力技能水平；不同年龄区间不得拼接。,EG-C_S02,C_S02
MAP0233,G1,C025,人口年龄抽样调查分组样本数,提供抚养比复算分子分母。,劳动供给由人口结构、就业参与、健康、教育及技能共同影响。,劳动年龄人口、就业、教育与技能指标给出一致或分化的结构趋势。,人口下降但参与率、工时或人力资本改善抵消部分影响。,退休制度、迁移、教育扩张和调查口径差异。,在校生规模不是现有劳动力技能水平；不同年龄区间不得拼接。,EG-C_S10,C_S10
MAP0234,G1,C026,总抚养比（人口抽样表口径）,观察人口年龄结构潜在支持负担。,劳动供给由人口结构、就业参与、健康、教育及技能共同影响。,劳动年龄人口、就业、教育与技能指标给出一致或分化的结构趋势。,人口下降但参与率、工时或人力资本改善抵消部分影响。,退休制度、迁移、教育扩张和调查口径差异。,在校生规模不是现有劳动力技能水平；不同年龄区间不得拼接。,EG-C_S10,C_S10
MAP0235,G1,C027,16—59岁人口平均受教育年限,观察劳动年龄人口教育积累。,劳动供给由人口结构、就业参与、健康、教育及技能共同影响。,劳动年龄人口、就业、教育与技能指标给出一致或分化的结构趋势。,人口下降但参与率、工时或人力资本改善抵消部分影响。,退休制度、迁移、教育扩张和调查口径差异。,在校生规模不是现有劳动力技能水平；不同年龄区间不得拼接。,EG-C_S02,C_S02
MAP0236,G1,C028,高等教育毛入学率,反映高等教育覆盖规模。,劳动供给由人口结构、就业参与、健康、教育及技能共同影响。,劳动年龄人口、就业、教育与技能指标给出一致或分化的结构趋势。,人口下降但参与率、工时或人力资本改善抵消部分影响。,退休制度、迁移、教育扩张和调查口径差异。,在校生规模不是现有劳动力技能水平；不同年龄区间不得拼接。,EG-C_S03,C_S03
MAP0237,G1,C029,九年义务教育巩固率,观察义务教育队列保留。,劳动供给由人口结构、就业参与、健康、教育及技能共同影响。,劳动年龄人口、就业、教育与技能指标给出一致或分化的结构趋势。,人口下降但参与率、工时或人力资本改善抵消部分影响。,退休制度、迁移、教育扩张和调查口径差异。,在校生规模不是现有劳动力技能水平；不同年龄区间不得拼接。,EG-C_S03,C_S03
MAP0238,G1,C030,普通、职业本专科毕业生数,观察高级人才培养与潜在供给。,劳动供给由人口结构、就业参与、健康、教育及技能共同影响。,劳动年龄人口、就业、教育与技能指标给出一致或分化的结构趋势。,人口下降但参与率、工时或人力资本改善抵消部分影响。,退休制度、迁移、教育扩张和调查口径差异。,在校生规模不是现有劳动力技能水平；不同年龄区间不得拼接。,EG-C_S03,C_S03
MAP0239,G1,C031,研究生毕业生数,观察高级人才培养与潜在供给。,劳动供给由人口结构、就业参与、健康、教育及技能共同影响。,劳动年龄人口、就业、教育与技能指标给出一致或分化的结构趋势。,人口下降但参与率、工时或人力资本改善抵消部分影响。,退休制度、迁移、教育扩张和调查口径差异。,在校生规模不是现有劳动力技能水平；不同年龄区间不得拼接。,EG-C_S03,C_S03
MAP0240,G1,C032,在学研究生数,观察高级人才培养与潜在供给。,劳动供给由人口结构、就业参与、健康、教育及技能共同影响。,劳动年龄人口、就业、教育与技能指标给出一致或分化的结构趋势。,人口下降但参与率、工时或人力资本改善抵消部分影响。,退休制度、迁移、教育扩张和调查口径差异。,在校生规模不是现有劳动力技能水平；不同年龄区间不得拼接。,EG-C_S03,C_S03
MAP0241,G1,C033,高等教育专任教师数,观察教育供给资源。,劳动供给由人口结构、就业参与、健康、教育及技能共同影响。,劳动年龄人口、就业、教育与技能指标给出一致或分化的结构趋势。,人口下降但参与率、工时或人力资本改善抵消部分影响。,退休制度、迁移、教育扩张和调查口径差异。,在校生规模不是现有劳动力技能水平；不同年龄区间不得拼接。,EG-C_S03,C_S03
MAP0242,G1,C056,城镇非私营单位就业人员年平均工资,观察单位就业人员劳动收入水平及行业、登记类型或岗位差异。,劳动供给由人口结构、就业参与、健康、教育及技能共同影响。,劳动年龄人口、就业、教育与技能指标给出一致或分化的结构趋势。,人口下降但参与率、工时或人力资本改善抵消部分影响。,退休制度、迁移、教育扩张和调查口径差异。,在校生规模不是现有劳动力技能水平；不同年龄区间不得拼接。,EG-城镇单位工资,C_S15
MAP0243,G1,C057,城镇私营单位就业人员年平均工资,观察单位就业人员劳动收入水平及行业、登记类型或岗位差异。,劳动供给由人口结构、就业参与、健康、教育及技能共同影响。,劳动年龄人口、就业、教育与技能指标给出一致或分化的结构趋势。,人口下降但参与率、工时或人力资本改善抵消部分影响。,退休制度、迁移、教育扩张和调查口径差异。,在校生规模不是现有劳动力技能水平；不同年龄区间不得拼接。,EG-城镇单位工资,C_S15
MAP0244,G1,C058,规模以上企业就业人员分岗位年平均工资,观察单位就业人员劳动收入水平及行业、登记类型或岗位差异。,劳动供给由人口结构、就业参与、健康、教育及技能共同影响。,劳动年龄人口、就业、教育与技能指标给出一致或分化的结构趋势。,人口下降但参与率、工时或人力资本改善抵消部分影响。,退休制度、迁移、教育扩张和调查口径差异。,在校生规模不是现有劳动力技能水平；不同年龄区间不得拼接。,EG-城镇单位工资,C_S15
MAP0245,G2,A004,分产业及行业增加值现价额,识别名义结构权重。,资本形成与产出、需求和利用率之间的关系提供投资效率线索。,投资扩张伴随产出、利用率和经营回报改善。,投资上升但利用率、销售和利润下降。,建设期滞后、公共品收益、产业周期和价格变化。,固定资产投资不能作为资本存量，投资/新增GDP不直接称作资本回报率。,EG-国民核算,A_S01
MAP0246,G2,A005,分产业及行业增加值实际增速,检查增长是否具有行业广度。,资本形成与产出、需求和利用率之间的关系提供投资效率线索。,投资扩张伴随产出、利用率和经营回报改善。,投资上升但利用率、销售和利润下降。,建设期滞后、公共品收益、产业周期和价格变化。,固定资产投资不能作为资本存量，投资/新增GDP不直接称作资本回报率。,EG-国民核算,A_S01
MAP0247,G2,A007,资本形成总额对GDP增长的拉动,拆解实际GDP增长的需求来源。,资本形成与产出、需求和利用率之间的关系提供投资效率线索。,投资扩张伴随产出、利用率和经营回报改善。,投资上升但利用率、销售和利润下降。,建设期滞后、公共品收益、产业周期和价格变化。,固定资产投资不能作为资本存量，投资/新增GDP不直接称作资本回报率。,EG-国民核算,A_S03
MAP0248,G2,B013,规上工业每百元资产实现营业收入,名义资产利用效率线索,资本形成与产出、需求和利用率之间的关系提供投资效率线索。,投资扩张伴随产出、利用率和经营回报改善。,投资上升但利用率、销售和利润下降。,建设期滞后、公共品收益、产业周期和价格变化。,固定资产投资不能作为资本存量，投资/新增GDP不直接称作资本回报率。,EG-规上工业财务,B_S01
MAP0249,G2,B014,规上工业人均营业收入,每名用工对应的名义销售收入,资本形成与产出、需求和利用率之间的关系提供投资效率线索。,投资扩张伴随产出、利用率和经营回报改善。,投资上升但利用率、销售和利润下降。,建设期滞后、公共品收益、产业周期和价格变化。,固定资产投资不能作为资本存量，投资/新增GDP不直接称作资本回报率。,EG-规上工业财务,B_S01
MAP0250,G2,B015,固定资产投资（不含农户）,观察投资建设投入,资本形成与产出、需求和利用率之间的关系提供投资效率线索。,投资扩张伴随产出、利用率和经营回报改善。,投资上升但利用率、销售和利润下降。,建设期滞后、公共品收益、产业周期和价格变化。,固定资产投资不能作为资本存量，投资/新增GDP不直接称作资本回报率。,EG-B_S02,B_S02
MAP0251,G2,B016,设备工器具购置投资增速,设备更新投入信号,资本形成与产出、需求和利用率之间的关系提供投资效率线索。,投资扩张伴随产出、利用率和经营回报改善。,投资上升但利用率、销售和利润下降。,建设期滞后、公共品收益、产业周期和价格变化。,固定资产投资不能作为资本存量，投资/新增GDP不直接称作资本回报率。,EG-B_S02,B_S02
MAP0252,G2,C007,R&D人员全时当量人均经费,辅助观察研发资本与劳动投入组合。,资本形成与产出、需求和利用率之间的关系提供投资效率线索。,投资扩张伴随产出、利用率和经营回报改善。,投资上升但利用率、销售和利润下降。,建设期滞后、公共品收益、产业周期和价格变化。,固定资产投资不能作为资本存量，投资/新增GDP不直接称作资本回报率。,EG-科技经费,C_S01
MAP0253,G2,C050,发电设备累计平均利用小时,辅助观察发电设备使用程度。,资本形成与产出、需求和利用率之间的关系提供投资效率线索。,投资扩张伴随产出、利用率和经营回报改善。,投资上升但利用率、销售和利润下降。,建设期滞后、公共品收益、产业周期和价格变化。,固定资产投资不能作为资本存量，投资/新增GDP不直接称作资本回报率。,EG-C_S09,C_S09
MAP0254,G2,E001,规上工业增加值实际增长,衡量工业产出变化，与利用率和利润共同验证需求传导。,资本形成与产出、需求和利用率之间的关系提供投资效率线索。,投资扩张伴随产出、利用率和经营回报改善。,投资上升但利用率、销售和利润下降。,建设期滞后、公共品收益、产业周期和价格变化。,固定资产投资不能作为资本存量，投资/新增GDP不直接称作资本回报率。,EG-E_S01,E_S01
MAP0255,G2,E002,规上工业产品销售率,观察生产与销售衔接，需联合库存和回款。,资本形成与产出、需求和利用率之间的关系提供投资效率线索。,投资扩张伴随产出、利用率和经营回报改善。,投资上升但利用率、销售和利润下降。,建设期滞后、公共品收益、产业周期和价格变化。,固定资产投资不能作为资本存量，投资/新增GDP不直接称作资本回报率。,EG-E_S01,E_S01
MAP0256,G2,E003,规上工业出口交货值,从工业企业交货端观察外需相关名义活动。,资本形成与产出、需求和利用率之间的关系提供投资效率线索。,投资扩张伴随产出、利用率和经营回报改善。,投资上升但利用率、销售和利润下降。,建设期滞后、公共品收益、产业周期和价格变化。,固定资产投资不能作为资本存量，投资/新增GDP不直接称作资本回报率。,EG-E_S01,E_S01
MAP0257,G2,E004,规上工业主要产品产量（产品家族）,用实物量检验名义收入与价格变化，观察产品结构。,资本形成与产出、需求和利用率之间的关系提供投资效率线索。,投资扩张伴随产出、利用率和经营回报改善。,投资上升但利用率、销售和利润下降。,建设期滞后、公共品收益、产业周期和价格变化。,固定资产投资不能作为资本存量，投资/新增GDP不直接称作资本回报率。,EG-E_S01,E_S01
MAP0258,G2,E005,规上工业产能利用率,验证产出增长是否伴随产能使用改善。,资本形成与产出、需求和利用率之间的关系提供投资效率线索。,投资扩张伴随产出、利用率和经营回报改善。,投资上升但利用率、销售和利润下降。,建设期滞后、公共品收益、产业周期和价格变化。,固定资产投资不能作为资本存量，投资/新增GDP不直接称作资本回报率。,EG-E_S02,E_S02
MAP0259,G2,E006,服务业生产指数实际增长,跟踪月度服务业市场产出。,资本形成与产出、需求和利用率之间的关系提供投资效率线索。,投资扩张伴随产出、利用率和经营回报改善。,投资上升但利用率、销售和利润下降。,建设期滞后、公共品收益、产业周期和价格变化。,固定资产投资不能作为资本存量，投资/新增GDP不直接称作资本回报率。,EG-E_S04,E_S04
MAP0260,G2,R009,机构部门资本形成总额,连接部门收入、支出与资金余缺；需结合相邻账户解释变化。,资本形成与产出、需求和利用率之间的关系提供投资效率线索。,投资扩张伴随产出、利用率和经营回报改善。,投资上升但利用率、销售和利润下降。,建设期滞后、公共品收益、产业周期和价格变化。,固定资产投资不能作为资本存量，投资/新增GDP不直接称作资本回报率。,EG-资金流量,R_FOF
MAP0261,G3,A002,国内生产总值实际增长（同比/季调环比）,观察实际产出变化。,可比实际产出与匹配就业人数之比反映单位就业者产出。,同版本劳动生产率持续改善，并区分就业、产出与产业结构贡献线索。,改善来自就业分母缩减，或名义价格上涨而非实物效率。,资本深化、工时、行业构成和就业统计修订。,劳动生产率不等同TFP，不用名义GDP/就业冒充实际劳动生产率。,EG-国民核算,A_S01
MAP0262,G3,A004,分产业及行业增加值现价额,识别名义结构权重。,可比实际产出与匹配就业人数之比反映单位就业者产出。,同版本劳动生产率持续改善，并区分就业、产出与产业结构贡献线索。,改善来自就业分母缩减，或名义价格上涨而非实物效率。,资本深化、工时、行业构成和就业统计修订。,劳动生产率不等同TFP，不用名义GDP/就业冒充实际劳动生产率。,EG-国民核算,A_S01
MAP0263,G3,A005,分产业及行业增加值实际增速,检查增长是否具有行业广度。,可比实际产出与匹配就业人数之比反映单位就业者产出。,同版本劳动生产率持续改善，并区分就业、产出与产业结构贡献线索。,改善来自就业分母缩减，或名义价格上涨而非实物效率。,资本深化、工时、行业构成和就业统计修订。,劳动生产率不等同TFP，不用名义GDP/就业冒充实际劳动生产率。,EG-国民核算,A_S01
MAP0264,G3,A011,全员劳动生产率,观察每位就业者的平均实际产出。,可比实际产出与匹配就业人数之比反映单位就业者产出。,同版本劳动生产率持续改善，并区分就业、产出与产业结构贡献线索。,改善来自就业分母缩减，或名义价格上涨而非实物效率。,资本深化、工时、行业构成和就业统计修订。,劳动生产率不等同TFP，不用名义GDP/就业冒充实际劳动生产率。,EG-国民核算,A_S03
MAP0265,G3,A027,全国企业就业人员周平均工作时间,辅助判断劳动强度。,可比实际产出与匹配就业人数之比反映单位就业者产出。,同版本劳动生产率持续改善，并区分就业、产出与产业结构贡献线索。,改善来自就业分母缩减，或名义价格上涨而非实物效率。,资本深化、工时、行业构成和就业统计修订。,劳动生产率不等同TFP，不用名义GDP/就业冒充实际劳动生产率。,EG-劳动力调查,A_S07
MAP0266,G3,A028,全国就业人员年末人数,劳动投入人数规模。,可比实际产出与匹配就业人数之比反映单位就业者产出。,同版本劳动生产率持续改善，并区分就业、产出与产业结构贡献线索。,改善来自就业分母缩减，或名义价格上涨而非实物效率。,资本深化、工时、行业构成和就业统计修订。,劳动生产率不等同TFP，不用名义GDP/就业冒充实际劳动生产率。,EG-A_S03,A_S03
MAP0267,G3,C056,城镇非私营单位就业人员年平均工资,观察单位就业人员劳动收入水平及行业、登记类型或岗位差异。,可比实际产出与匹配就业人数之比反映单位就业者产出。,同版本劳动生产率持续改善，并区分就业、产出与产业结构贡献线索。,改善来自就业分母缩减，或名义价格上涨而非实物效率。,资本深化、工时、行业构成和就业统计修订。,劳动生产率不等同TFP，不用名义GDP/就业冒充实际劳动生产率。,EG-城镇单位工资,C_S15
MAP0268,G3,C057,城镇私营单位就业人员年平均工资,观察单位就业人员劳动收入水平及行业、登记类型或岗位差异。,可比实际产出与匹配就业人数之比反映单位就业者产出。,同版本劳动生产率持续改善，并区分就业、产出与产业结构贡献线索。,改善来自就业分母缩减，或名义价格上涨而非实物效率。,资本深化、工时、行业构成和就业统计修订。,劳动生产率不等同TFP，不用名义GDP/就业冒充实际劳动生产率。,EG-城镇单位工资,C_S15
MAP0269,G3,C058,规模以上企业就业人员分岗位年平均工资,观察单位就业人员劳动收入水平及行业、登记类型或岗位差异。,可比实际产出与匹配就业人数之比反映单位就业者产出。,同版本劳动生产率持续改善，并区分就业、产出与产业结构贡献线索。,改善来自就业分母缩减，或名义价格上涨而非实物效率。,资本深化、工时、行业构成和就业统计修订。,劳动生产率不等同TFP，不用名义GDP/就业冒充实际劳动生产率。,EG-城镇单位工资,C_S15
MAP0270,G3,R001,机构部门增加值,连接部门收入、支出与资金余缺；需结合相邻账户解释变化。,可比实际产出与匹配就业人数之比反映单位就业者产出。,同版本劳动生产率持续改善，并区分就业、产出与产业结构贡献线索。,改善来自就业分母缩减，或名义价格上涨而非实物效率。,资本深化、工时、行业构成和就业统计修订。,劳动生产率不等同TFP，不用名义GDP/就业冒充实际劳动生产率。,EG-资金流量,R_FOF
MAP0271,G4,A004,分产业及行业增加值现价额,识别名义结构权重。,相同统计口径下的产业、劳动与产出差异可支持结构性比较。,同口径地区/行业产出、就业与收入数据形成可重复的比较。,差异由价格、跨地区总部核算、工时和样本覆盖解释。,产业结构、公共服务与自然条件不同。,未经价格与样本控制不将地区人均GDP高低直接解释为技术效率。,EG-国民核算,A_S01
MAP0272,G4,A005,分产业及行业增加值实际增速,检查增长是否具有行业广度。,相同统计口径下的产业、劳动与产出差异可支持结构性比较。,同口径地区/行业产出、就业与收入数据形成可重复的比较。,差异由价格、跨地区总部核算、工时和样本覆盖解释。,产业结构、公共服务与自然条件不同。,未经价格与样本控制不将地区人均GDP高低直接解释为技术效率。,EG-国民核算,A_S01
MAP0273,G4,A010,人均国内生产总值现价额,衡量人均生产规模。,相同统计口径下的产业、劳动与产出差异可支持结构性比较。,同口径地区/行业产出、就业与收入数据形成可重复的比较。,差异由价格、跨地区总部核算、工时和样本覆盖解释。,产业结构、公共服务与自然条件不同。,未经价格与样本控制不将地区人均GDP高低直接解释为技术效率。,EG-国民核算,A_S03
MAP0274,G4,A011,全员劳动生产率,观察每位就业者的平均实际产出。,相同统计口径下的产业、劳动与产出差异可支持结构性比较。,同口径地区/行业产出、就业与收入数据形成可重复的比较。,差异由价格、跨地区总部核算、工时和样本覆盖解释。,产业结构、公共服务与自然条件不同。,未经价格与样本控制不将地区人均GDP高低直接解释为技术效率。,EG-国民核算,A_S03
MAP0275,G4,A014,居民人均可支配收入,观察家庭消费预算基础。,相同统计口径下的产业、劳动与产出差异可支持结构性比较。,同口径地区/行业产出、就业与收入数据形成可重复的比较。,差异由价格、跨地区总部核算、工时和样本覆盖解释。,产业结构、公共服务与自然条件不同。,未经价格与样本控制不将地区人均GDP高低直接解释为技术效率。,EG-住户调查,A_S04
MAP0276,G4,B013,规上工业每百元资产实现营业收入,名义资产利用效率线索,相同统计口径下的产业、劳动与产出差异可支持结构性比较。,同口径地区/行业产出、就业与收入数据形成可重复的比较。,差异由价格、跨地区总部核算、工时和样本覆盖解释。,产业结构、公共服务与自然条件不同。,未经价格与样本控制不将地区人均GDP高低直接解释为技术效率。,EG-规上工业财务,B_S01
MAP0277,G4,B014,规上工业人均营业收入,每名用工对应的名义销售收入,相同统计口径下的产业、劳动与产出差异可支持结构性比较。,同口径地区/行业产出、就业与收入数据形成可重复的比较。,差异由价格、跨地区总部核算、工时和样本覆盖解释。,产业结构、公共服务与自然条件不同。,未经价格与样本控制不将地区人均GDP高低直接解释为技术效率。,EG-规上工业财务,B_S01
MAP0278,G4,B015,固定资产投资（不含农户）,观察投资建设投入,相同统计口径下的产业、劳动与产出差异可支持结构性比较。,同口径地区/行业产出、就业与收入数据形成可重复的比较。,差异由价格、跨地区总部核算、工时和样本覆盖解释。,产业结构、公共服务与自然条件不同。,未经价格与样本控制不将地区人均GDP高低直接解释为技术效率。,EG-B_S02,B_S02
MAP0279,G4,C027,16—59岁人口平均受教育年限,观察劳动年龄人口教育积累。,相同统计口径下的产业、劳动与产出差异可支持结构性比较。,同口径地区/行业产出、就业与收入数据形成可重复的比较。,差异由价格、跨地区总部核算、工时和样本覆盖解释。,产业结构、公共服务与自然条件不同。,未经价格与样本控制不将地区人均GDP高低直接解释为技术效率。,EG-C_S02,C_S02
MAP0280,G4,C033,高等教育专任教师数,观察教育供给资源。,相同统计口径下的产业、劳动与产出差异可支持结构性比较。,同口径地区/行业产出、就业与收入数据形成可重复的比较。,差异由价格、跨地区总部核算、工时和样本覆盖解释。,产业结构、公共服务与自然条件不同。,未经价格与样本控制不将地区人均GDP高低直接解释为技术效率。,EG-C_S03,C_S03
MAP0281,G4,C056,城镇非私营单位就业人员年平均工资,观察单位就业人员劳动收入水平及行业、登记类型或岗位差异。,相同统计口径下的产业、劳动与产出差异可支持结构性比较。,同口径地区/行业产出、就业与收入数据形成可重复的比较。,差异由价格、跨地区总部核算、工时和样本覆盖解释。,产业结构、公共服务与自然条件不同。,未经价格与样本控制不将地区人均GDP高低直接解释为技术效率。,EG-城镇单位工资,C_S15
MAP0282,G4,C057,城镇私营单位就业人员年平均工资,观察单位就业人员劳动收入水平及行业、登记类型或岗位差异。,相同统计口径下的产业、劳动与产出差异可支持结构性比较。,同口径地区/行业产出、就业与收入数据形成可重复的比较。,差异由价格、跨地区总部核算、工时和样本覆盖解释。,产业结构、公共服务与自然条件不同。,未经价格与样本控制不将地区人均GDP高低直接解释为技术效率。,EG-城镇单位工资,C_S15
MAP0283,G4,C058,规模以上企业就业人员分岗位年平均工资,观察单位就业人员劳动收入水平及行业、登记类型或岗位差异。,相同统计口径下的产业、劳动与产出差异可支持结构性比较。,同口径地区/行业产出、就业与收入数据形成可重复的比较。,差异由价格、跨地区总部核算、工时和样本覆盖解释。,产业结构、公共服务与自然条件不同。,未经价格与样本控制不将地区人均GDP高低直接解释为技术效率。,EG-城镇单位工资,C_S15
MAP0284,G4,R001,机构部门增加值,连接部门收入、支出与资金余缺；需结合相邻账户解释变化。,相同统计口径下的产业、劳动与产出差异可支持结构性比较。,同口径地区/行业产出、就业与收入数据形成可重复的比较。,差异由价格、跨地区总部核算、工时和样本覆盖解释。,产业结构、公共服务与自然条件不同。,未经价格与样本控制不将地区人均GDP高低直接解释为技术效率。,EG-资金流量,R_FOF
MAP0285,I1,C001,研究与试验发展（R&D）经费支出,观察知识生产资源投入。,研发投入通过有时滞且有失败风险的活动形成知识与技术成果。,研发资金/人员和高价值成果在匹配领域、合理时间窗口内共同改善。,研发扩张但成果质量、应用和市场表现未改善。,申请策略、补贴激励、研发周期和分类变化。,不以当年研发除以当年授权专利简单衡量研发效率。,EG-科技经费,C_S01
MAP0286,I1,C002,R&D经费投入强度（GDP口径）,量化研发相对经济体量。,研发投入通过有时滞且有失败风险的活动形成知识与技术成果。,研发资金/人员和高价值成果在匹配领域、合理时间窗口内共同改善。,研发扩张但成果质量、应用和市场表现未改善。,申请策略、补贴激励、研发周期和分类变化。,不以当年研发除以当年授权专利简单衡量研发效率。,EG-科技经费,C_S01
MAP0287,I1,C003,基础研究经费,观察长期知识储备投入。,研发投入通过有时滞且有失败风险的活动形成知识与技术成果。,研发资金/人员和高价值成果在匹配领域、合理时间窗口内共同改善。,研发扩张但成果质量、应用和市场表现未改善。,申请策略、补贴激励、研发周期和分类变化。,不以当年研发除以当年授权专利简单衡量研发效率。,EG-科技经费,C_S01
MAP0288,I1,C004,应用研究经费,观察面向实际目的的知识开发。,研发投入通过有时滞且有失败风险的活动形成知识与技术成果。,研发资金/人员和高价值成果在匹配领域、合理时间窗口内共同改善。,研发扩张但成果质量、应用和市场表现未改善。,申请策略、补贴激励、研发周期和分类变化。,不以当年研发除以当年授权专利简单衡量研发效率。,EG-科技经费,C_S01
MAP0289,I1,C005,试验发展经费,观察研发走向产品工艺的资源配置。,研发投入通过有时滞且有失败风险的活动形成知识与技术成果。,研发资金/人员和高价值成果在匹配领域、合理时间窗口内共同改善。,研发扩张但成果质量、应用和市场表现未改善。,申请策略、补贴激励、研发周期和分类变化。,不以当年研发除以当年授权专利简单衡量研发效率。,EG-科技经费,C_S01
MAP0290,I1,C006,R&D人员全时当量,观察研发实际劳动投入。,研发投入通过有时滞且有失败风险的活动形成知识与技术成果。,研发资金/人员和高价值成果在匹配领域、合理时间窗口内共同改善。,研发扩张但成果质量、应用和市场表现未改善。,申请策略、补贴激励、研发周期和分类变化。,不以当年研发除以当年授权专利简单衡量研发效率。,EG-科技经费,C_S11
MAP0291,I1,C007,R&D人员全时当量人均经费,辅助观察研发资本与劳动投入组合。,研发投入通过有时滞且有失败风险的活动形成知识与技术成果。,研发资金/人员和高价值成果在匹配领域、合理时间窗口内共同改善。,研发扩张但成果质量、应用和市场表现未改善。,申请策略、补贴激励、研发周期和分类变化。,不以当年研发除以当年授权专利简单衡量研发效率。,EG-科技经费,C_S01
MAP0292,I1,C008,企业执行R&D经费占比,考察研发执行是否集中于企业。,研发投入通过有时滞且有失败风险的活动形成知识与技术成果。,研发资金/人员和高价值成果在匹配领域、合理时间窗口内共同改善。,研发扩张但成果质量、应用和市场表现未改善。,申请策略、补贴激励、研发周期和分类变化。,不以当年研发除以当年授权专利简单衡量研发效率。,EG-科技经费,C_S01
MAP0293,I1,C009,规模以上高技术制造业R&D经费投入强度,比较高技术生产部门研发密度。,研发投入通过有时滞且有失败风险的活动形成知识与技术成果。,研发资金/人员和高价值成果在匹配领域、合理时间窗口内共同改善。,研发扩张但成果质量、应用和市场表现未改善。,申请策略、补贴激励、研发周期和分类变化。,不以当年研发除以当年授权专利简单衡量研发效率。,EG-科技经费,C_S01
MAP0294,I1,C010,国家财政科学技术支出,观察公共科技资源支持。,研发投入通过有时滞且有失败风险的活动形成知识与技术成果。,研发资金/人员和高价值成果在匹配领域、合理时间窗口内共同改善。,研发扩张但成果质量、应用和市场表现未改善。,申请策略、补贴激励、研发周期和分类变化。,不以当年研发除以当年授权专利简单衡量研发效率。,EG-科技经费,C_S01
MAP0295,I1,C011,发明专利授权量,观察技术权利产生或累积。,研发投入通过有时滞且有失败风险的活动形成知识与技术成果。,研发资金/人员和高价值成果在匹配领域、合理时间窗口内共同改善。,研发扩张但成果质量、应用和市场表现未改善。,申请策略、补贴激励、研发周期和分类变化。,不以当年研发除以当年授权专利简单衡量研发效率。,EG-C_S02,C_S02
MAP0296,I1,C012,有效发明专利量,观察技术权利产生或累积。,研发投入通过有时滞且有失败风险的活动形成知识与技术成果。,研发资金/人员和高价值成果在匹配领域、合理时间窗口内共同改善。,研发扩张但成果质量、应用和市场表现未改善。,申请策略、补贴激励、研发周期和分类变化。,不以当年研发除以当年授权专利简单衡量研发效率。,EG-C_S02,C_S02
MAP0297,I1,C013,每万人口高价值发明专利拥有量,提供比一般件数更有筛选条件的权利存量代理。,研发投入通过有时滞且有失败风险的活动形成知识与技术成果。,研发资金/人员和高价值成果在匹配领域、合理时间窗口内共同改善。,研发扩张但成果质量、应用和市场表现未改善。,申请策略、补贴激励、研发周期和分类变化。,不以当年研发除以当年授权专利简单衡量研发效率。,EG-C_S02,C_S02
MAP0298,I1,C014,PCT国际专利申请受理量,观察通过PCT路径寻求多国保护的活动。,研发投入通过有时滞且有失败风险的活动形成知识与技术成果。,研发资金/人员和高价值成果在匹配领域、合理时间窗口内共同改善。,研发扩张但成果质量、应用和市场表现未改善。,申请策略、补贴激励、研发周期和分类变化。,不以当年研发除以当年授权专利简单衡量研发效率。,EG-C_S02,C_S02
MAP0299,I2,B016,设备工器具购置投资增速,设备更新投入信号,知识成果经交易、应用、设备和流程扩散影响生产。,技术交易、新产品或高技术活动与应用端产出相互印证。,合同额增长但履约、销售或扩散证据不足。,合同口径、关联交易、进口设备及市场周期。,技术合同成交额不等于当年研发成果收入，也不是已实现现金流。,EG-B_S02,B_S02
MAP0300,I2,C015,企业发明专利产业化率,检验受保护成果是否进入产品市场。,知识成果经交易、应用、设备和流程扩散影响生产。,技术交易、新产品或高技术活动与应用端产出相互印证。,合同额增长但履约、销售或扩散证据不足。,合同口径、关联交易、进口设备及市场周期。,技术合同成交额不等于当年研发成果收入，也不是已实现现金流。,EG-C_S06,C_S06
MAP0301,I2,C016,企业发明专利产业化平均收益,补充进入市场后的收益信息。,知识成果经交易、应用、设备和流程扩散影响生产。,技术交易、新产品或高技术活动与应用端产出相互印证。,合同额增长但履约、销售或扩散证据不足。,合同口径、关联交易、进口设备及市场周期。,技术合同成交额不等于当年研发成果收入，也不是已实现现金流。,EG-C_S06,C_S06
MAP0302,I2,C017,企业发明专利研发获取比例,区分内部/合作研发与技术权利购买。,知识成果经交易、应用、设备和流程扩散影响生产。,技术交易、新产品或高技术活动与应用端产出相互印证。,合同额增长但履约、销售或扩散证据不足。,合同口径、关联交易、进口设备及市场周期。,技术合同成交额不等于当年研发成果收入，也不是已实现现金流。,EG-C_S06,C_S06
MAP0303,I2,C018,规模以上工业企业新产品销售收入,检验新产品获得销售市场规模。,知识成果经交易、应用、设备和流程扩散影响生产。,技术交易、新产品或高技术活动与应用端产出相互印证。,合同额增长但履约、销售或扩散证据不足。,合同口径、关联交易、进口设备及市场周期。,技术合同成交额不等于当年研发成果收入，也不是已实现现金流。,EG-C_S13,C_S13
MAP0304,I2,C019,有R&D活动的规模以上工业企业比重,衡量企业开展研发活动的扩散面。,知识成果经交易、应用、设备和流程扩散影响生产。,技术交易、新产品或高技术活动与应用端产出相互印证。,合同额增长但履约、销售或扩散证据不足。,合同口径、关联交易、进口设备及市场周期。,技术合同成交额不等于当年研发成果收入，也不是已实现现金流。,EG-C_S13,C_S13
MAP0305,I2,C059,技术合同成交额,观察登记技术市场活动的规模，为成果转化提供交易环节证据。,知识成果经交易、应用、设备和流程扩散影响生产。,技术交易、新产品或高技术活动与应用端产出相互印证。,合同额增长但履约、销售或扩散证据不足。,合同口径、关联交易、进口设备及市场周期。,技术合同成交额不等于当年研发成果收入，也不是已实现现金流。,EG-C_S02,C_S02
MAP0306,I2,E004,规上工业主要产品产量（产品家族）,用实物量检验名义收入与价格变化，观察产品结构。,知识成果经交易、应用、设备和流程扩散影响生产。,技术交易、新产品或高技术活动与应用端产出相互印证。,合同额增长但履约、销售或扩散证据不足。,合同口径、关联交易、进口设备及市场周期。,技术合同成交额不等于当年研发成果收入，也不是已实现现金流。,EG-E_S01,E_S01
MAP0307,I3,B001,规上工业营业收入,市场实现收入规模,创新必须结合需求与经营结果观察可持续性。,新产业增加值/收入增长，相关利润和利用率提供补充。,产量或销售扩张伴随降价、亏损或库存积压。,新进入企业前期投入、补贴、产品价格和统计范围。,公开行业总体利润不能归因到全部创新企业，不以规模增长证明投资回报。,EG-规上工业财务,B_S01
MAP0308,I3,B003,规上工业利润总额,盈利及自筹资金能力线索,创新必须结合需求与经营结果观察可持续性。,新产业增加值/收入增长，相关利润和利用率提供补充。,产量或销售扩张伴随降价、亏损或库存积压。,新进入企业前期投入、补贴、产品价格和统计范围。,公开行业总体利润不能归因到全部创新企业，不以规模增长证明投资回报。,EG-规上工业财务,B_S01
MAP0309,I3,B009,规上工业营业收入利润率,收入转换为税前盈利的比例,创新必须结合需求与经营结果观察可持续性。,新产业增加值/收入增长，相关利润和利用率提供补充。,产量或销售扩张伴随降价、亏损或库存积压。,新进入企业前期投入、补贴、产品价格和统计范围。,公开行业总体利润不能归因到全部创新企业，不以规模增长证明投资回报。,EG-规上工业财务,B_S01
MAP0310,I3,C009,规模以上高技术制造业R&D经费投入强度,比较高技术生产部门研发密度。,创新必须结合需求与经营结果观察可持续性。,新产业增加值/收入增长，相关利润和利用率提供补充。,产量或销售扩张伴随降价、亏损或库存积压。,新进入企业前期投入、补贴、产品价格和统计范围。,公开行业总体利润不能归因到全部创新企业，不以规模增长证明投资回报。,EG-科技经费,C_S01
MAP0311,I3,C015,企业发明专利产业化率,检验受保护成果是否进入产品市场。,创新必须结合需求与经营结果观察可持续性。,新产业增加值/收入增长，相关利润和利用率提供补充。,产量或销售扩张伴随降价、亏损或库存积压。,新进入企业前期投入、补贴、产品价格和统计范围。,公开行业总体利润不能归因到全部创新企业，不以规模增长证明投资回报。,EG-C_S06,C_S06
MAP0312,I3,C016,企业发明专利产业化平均收益,补充进入市场后的收益信息。,创新必须结合需求与经营结果观察可持续性。,新产业增加值/收入增长，相关利润和利用率提供补充。,产量或销售扩张伴随降价、亏损或库存积压。,新进入企业前期投入、补贴、产品价格和统计范围。,公开行业总体利润不能归因到全部创新企业，不以规模增长证明投资回报。,EG-C_S06,C_S06
MAP0313,I3,C018,规模以上工业企业新产品销售收入,检验新产品获得销售市场规模。,创新必须结合需求与经营结果观察可持续性。,新产业增加值/收入增长，相关利润和利用率提供补充。,产量或销售扩张伴随降价、亏损或库存积压。,新进入企业前期投入、补贴、产品价格和统计范围。,公开行业总体利润不能归因到全部创新企业，不以规模增长证明投资回报。,EG-C_S13,C_S13
MAP0314,I3,C059,技术合同成交额,观察登记技术市场活动的规模，为成果转化提供交易环节证据。,创新必须结合需求与经营结果观察可持续性。,新产业增加值/收入增长，相关利润和利用率提供补充。,产量或销售扩张伴随降价、亏损或库存积压。,新进入企业前期投入、补贴、产品价格和统计范围。,公开行业总体利润不能归因到全部创新企业，不以规模增长证明投资回报。,EG-C_S02,C_S02
MAP0315,I3,E001,规上工业增加值实际增长,衡量工业产出变化，与利用率和利润共同验证需求传导。,创新必须结合需求与经营结果观察可持续性。,新产业增加值/收入增长，相关利润和利用率提供补充。,产量或销售扩张伴随降价、亏损或库存积压。,新进入企业前期投入、补贴、产品价格和统计范围。,公开行业总体利润不能归因到全部创新企业，不以规模增长证明投资回报。,EG-E_S01,E_S01
MAP0316,I3,E004,规上工业主要产品产量（产品家族）,用实物量检验名义收入与价格变化，观察产品结构。,创新必须结合需求与经营结果观察可持续性。,新产业增加值/收入增长，相关利润和利用率提供补充。,产量或销售扩张伴随降价、亏损或库存积压。,新进入企业前期投入、补贴、产品价格和统计范围。,公开行业总体利润不能归因到全部创新企业，不以规模增长证明投资回报。,EG-E_S01,E_S01
MAP0317,I3,E005,规上工业产能利用率,验证产出增长是否伴随产能使用改善。,创新必须结合需求与经营结果观察可持续性。,新产业增加值/收入增长，相关利润和利用率提供补充。,产量或销售扩张伴随降价、亏损或库存积压。,新进入企业前期投入、补贴、产品价格和统计范围。,公开行业总体利润不能归因到全部创新企业，不以规模增长证明投资回报。,EG-E_S02,E_S02
MAP0318,I4,A011,全员劳动生产率,观察每位就业者的平均实际产出。,新活动扩张与旧活动收缩可能带来就业重配及效率提升，也伴随转型成本。,新旧行业活动与就业/工资、生产率变化相互对应。,新产业增加但就业承接弱，旧产业退出或人员转岗证据不足。,企业注册与实际经营不同、外包、统计单位升降规。,缺少企业连续追踪时不测算净创造性破坏贡献。,EG-国民核算,A_S03
MAP0319,I4,A028,全国就业人员年末人数,劳动投入人数规模。,新活动扩张与旧活动收缩可能带来就业重配及效率提升，也伴随转型成本。,新旧行业活动与就业/工资、生产率变化相互对应。,新产业增加但就业承接弱，旧产业退出或人员转岗证据不足。,企业注册与实际经营不同、外包、统计单位升降规。,缺少企业连续追踪时不测算净创造性破坏贡献。,EG-A_S03,A_S03
MAP0320,I4,C027,16—59岁人口平均受教育年限,观察劳动年龄人口教育积累。,新活动扩张与旧活动收缩可能带来就业重配及效率提升，也伴随转型成本。,新旧行业活动与就业/工资、生产率变化相互对应。,新产业增加但就业承接弱，旧产业退出或人员转岗证据不足。,企业注册与实际经营不同、外包、统计单位升降规。,缺少企业连续追踪时不测算净创造性破坏贡献。,EG-C_S02,C_S02
MAP0321,I4,C030,普通、职业本专科毕业生数,观察高级人才培养与潜在供给。,新活动扩张与旧活动收缩可能带来就业重配及效率提升，也伴随转型成本。,新旧行业活动与就业/工资、生产率变化相互对应。,新产业增加但就业承接弱，旧产业退出或人员转岗证据不足。,企业注册与实际经营不同、外包、统计单位升降规。,缺少企业连续追踪时不测算净创造性破坏贡献。,EG-C_S03,C_S03
MAP0322,I4,C031,研究生毕业生数,观察高级人才培养与潜在供给。,新活动扩张与旧活动收缩可能带来就业重配及效率提升，也伴随转型成本。,新旧行业活动与就业/工资、生产率变化相互对应。,新产业增加但就业承接弱，旧产业退出或人员转岗证据不足。,企业注册与实际经营不同、外包、统计单位升降规。,缺少企业连续追踪时不测算净创造性破坏贡献。,EG-C_S03,C_S03
MAP0323,I4,C056,城镇非私营单位就业人员年平均工资,观察单位就业人员劳动收入水平及行业、登记类型或岗位差异。,新活动扩张与旧活动收缩可能带来就业重配及效率提升，也伴随转型成本。,新旧行业活动与就业/工资、生产率变化相互对应。,新产业增加但就业承接弱，旧产业退出或人员转岗证据不足。,企业注册与实际经营不同、外包、统计单位升降规。,缺少企业连续追踪时不测算净创造性破坏贡献。,EG-城镇单位工资,C_S15
MAP0324,I4,C057,城镇私营单位就业人员年平均工资,观察单位就业人员劳动收入水平及行业、登记类型或岗位差异。,新活动扩张与旧活动收缩可能带来就业重配及效率提升，也伴随转型成本。,新旧行业活动与就业/工资、生产率变化相互对应。,新产业增加但就业承接弱，旧产业退出或人员转岗证据不足。,企业注册与实际经营不同、外包、统计单位升降规。,缺少企业连续追踪时不测算净创造性破坏贡献。,EG-城镇单位工资,C_S15
MAP0325,I4,C058,规模以上企业就业人员分岗位年平均工资,观察单位就业人员劳动收入水平及行业、登记类型或岗位差异。,新活动扩张与旧活动收缩可能带来就业重配及效率提升，也伴随转型成本。,新旧行业活动与就业/工资、生产率变化相互对应。,新产业增加但就业承接弱，旧产业退出或人员转岗证据不足。,企业注册与实际经营不同、外包、统计单位升降规。,缺少企业连续追踪时不测算净创造性破坏贡献。,EG-城镇单位工资,C_S15
MAP0326,I4,E001,规上工业增加值实际增长,衡量工业产出变化，与利用率和利润共同验证需求传导。,新活动扩张与旧活动收缩可能带来就业重配及效率提升，也伴随转型成本。,新旧行业活动与就业/工资、生产率变化相互对应。,新产业增加但就业承接弱，旧产业退出或人员转岗证据不足。,企业注册与实际经营不同、外包、统计单位升降规。,缺少企业连续追踪时不测算净创造性破坏贡献。,EG-E_S01,E_S01
MAP0327,I4,R017,按地区和主要行业分法人单位数,观察经济主体存量在地区和行业的分布。,新活动扩张与旧活动收缩可能带来就业重配及效率提升，也伴随转型成本。,新旧行业活动与就业/工资、生产率变化相互对应。,新产业增加但就业承接弱，旧产业退出或人员转岗证据不足。,企业注册与实际经营不同、外包、统计单位升降规。,缺少企业连续追踪时不测算净创造性破坏贡献。,EG-R_REGION_UNITS,R_REGION_UNITS
MAP0328,S1,A004,分产业及行业增加值现价额,识别名义结构权重。,产业对技能、资本、能源和市场的要求应与区域条件共同观察。,产业结构与技能/人口、能源、投资和市场数据可相互解释。,产能扩张与当地要素供给、销售和收入表现持续背离。,跨区要素流动、总部经济、资源禀赋及产业链分工。,不能仅凭产业占比指定某地应当发展或退出某个产业。,EG-国民核算,A_S01
MAP0329,S1,A005,分产业及行业增加值实际增速,检查增长是否具有行业广度。,产业对技能、资本、能源和市场的要求应与区域条件共同观察。,产业结构与技能/人口、能源、投资和市场数据可相互解释。,产能扩张与当地要素供给、销售和收入表现持续背离。,跨区要素流动、总部经济、资源禀赋及产业链分工。,不能仅凭产业占比指定某地应当发展或退出某个产业。,EG-国民核算,A_S01
MAP0330,S1,A010,人均国内生产总值现价额,衡量人均生产规模。,产业对技能、资本、能源和市场的要求应与区域条件共同观察。,产业结构与技能/人口、能源、投资和市场数据可相互解释。,产能扩张与当地要素供给、销售和收入表现持续背离。,跨区要素流动、总部经济、资源禀赋及产业链分工。,不能仅凭产业占比指定某地应当发展或退出某个产业。,EG-国民核算,A_S03
MAP0331,S1,B015,固定资产投资（不含农户）,观察投资建设投入,产业对技能、资本、能源和市场的要求应与区域条件共同观察。,产业结构与技能/人口、能源、投资和市场数据可相互解释。,产能扩张与当地要素供给、销售和收入表现持续背离。,跨区要素流动、总部经济、资源禀赋及产业链分工。,不能仅凭产业占比指定某地应当发展或退出某个产业。,EG-B_S02,B_S02
MAP0332,S1,C001,研究与试验发展（R&D）经费支出,观察知识生产资源投入。,产业对技能、资本、能源和市场的要求应与区域条件共同观察。,产业结构与技能/人口、能源、投资和市场数据可相互解释。,产能扩张与当地要素供给、销售和收入表现持续背离。,跨区要素流动、总部经济、资源禀赋及产业链分工。,不能仅凭产业占比指定某地应当发展或退出某个产业。,EG-科技经费,C_S01
MAP0333,S1,C006,R&D人员全时当量,观察研发实际劳动投入。,产业对技能、资本、能源和市场的要求应与区域条件共同观察。,产业结构与技能/人口、能源、投资和市场数据可相互解释。,产能扩张与当地要素供给、销售和收入表现持续背离。,跨区要素流动、总部经济、资源禀赋及产业链分工。,不能仅凭产业占比指定某地应当发展或退出某个产业。,EG-科技经费,C_S11
MAP0334,S1,C027,16—59岁人口平均受教育年限,观察劳动年龄人口教育积累。,产业对技能、资本、能源和市场的要求应与区域条件共同观察。,产业结构与技能/人口、能源、投资和市场数据可相互解释。,产能扩张与当地要素供给、销售和收入表现持续背离。,跨区要素流动、总部经济、资源禀赋及产业链分工。,不能仅凭产业占比指定某地应当发展或退出某个产业。,EG-C_S02,C_S02
MAP0335,S1,C030,普通、职业本专科毕业生数,观察高级人才培养与潜在供给。,产业对技能、资本、能源和市场的要求应与区域条件共同观察。,产业结构与技能/人口、能源、投资和市场数据可相互解释。,产能扩张与当地要素供给、销售和收入表现持续背离。,跨区要素流动、总部经济、资源禀赋及产业链分工。,不能仅凭产业占比指定某地应当发展或退出某个产业。,EG-C_S03,C_S03
MAP0336,S1,C033,高等教育专任教师数,观察教育供给资源。,产业对技能、资本、能源和市场的要求应与区域条件共同观察。,产业结构与技能/人口、能源、投资和市场数据可相互解释。,产能扩张与当地要素供给、销售和收入表现持续背离。,跨区要素流动、总部经济、资源禀赋及产业链分工。,不能仅凭产业占比指定某地应当发展或退出某个产业。,EG-C_S03,C_S03
MAP0337,S1,C049,全国发电装机容量,观察电力供给物理能力及结构。,产业对技能、资本、能源和市场的要求应与区域条件共同观察。,产业结构与技能/人口、能源、投资和市场数据可相互解释。,产能扩张与当地要素供给、销售和收入表现持续背离。,跨区要素流动、总部经济、资源禀赋及产业链分工。,不能仅凭产业占比指定某地应当发展或退出某个产业。,EG-C_S09,C_S09
MAP0338,S1,C051,能源消费总量,描述经济能源投入规模。,产业对技能、资本、能源和市场的要求应与区域条件共同观察。,产业结构与技能/人口、能源、投资和市场数据可相互解释。,产能扩张与当地要素供给、销售和收入表现持续背离。,跨区要素流动、总部经济、资源禀赋及产业链分工。,不能仅凭产业占比指定某地应当发展或退出某个产业。,EG-C_S02,C_S02
MAP0339,S1,C052,清洁能源消费占比,跟踪能源投入组合转变。,产业对技能、资本、能源和市场的要求应与区域条件共同观察。,产业结构与技能/人口、能源、投资和市场数据可相互解释。,产能扩张与当地要素供给、销售和收入表现持续背离。,跨区要素流动、总部经济、资源禀赋及产业链分工。,不能仅凭产业占比指定某地应当发展或退出某个产业。,EG-C_S02,C_S02
MAP0340,S1,R017,按地区和主要行业分法人单位数,观察经济主体存量在地区和行业的分布。,产业对技能、资本、能源和市场的要求应与区域条件共同观察。,产业结构与技能/人口、能源、投资和市场数据可相互解释。,产能扩张与当地要素供给、销售和收入表现持续背离。,跨区要素流动、总部经济、资源禀赋及产业链分工。,不能仅凭产业占比指定某地应当发展或退出某个产业。,EG-R_REGION_UNITS,R_REGION_UNITS
MAP0341,S2,B026,一般公共预算支出,公共支出强度与结构,交通、能源和教育健康服务影响生产连接、劳动力及交易成本。,设施数量与实际使用、运输活动和公共服务指标联合呈现。,供给增加但利用不高，或总体充足仍有局部拥堵与短缺。,规模效应、人口密度、地理条件和利用口径。,里程、装机和财政支出是供给或投入，不能直接等同服务效率。,EG-B_S04,B_S04
MAP0342,S2,C010,国家财政科学技术支出,观察公共科技资源支持。,交通、能源和教育健康服务影响生产连接、劳动力及交易成本。,设施数量与实际使用、运输活动和公共服务指标联合呈现。,供给增加但利用不高，或总体充足仍有局部拥堵与短缺。,规模效应、人口密度、地理条件和利用口径。,里程、装机和财政支出是供给或投入，不能直接等同服务效率。,EG-科技经费,C_S01
MAP0343,S2,C027,16—59岁人口平均受教育年限,观察劳动年龄人口教育积累。,交通、能源和教育健康服务影响生产连接、劳动力及交易成本。,设施数量与实际使用、运输活动和公共服务指标联合呈现。,供给增加但利用不高，或总体充足仍有局部拥堵与短缺。,规模效应、人口密度、地理条件和利用口径。,里程、装机和财政支出是供给或投入，不能直接等同服务效率。,EG-C_S02,C_S02
MAP0344,S2,C028,高等教育毛入学率,反映高等教育覆盖规模。,交通、能源和教育健康服务影响生产连接、劳动力及交易成本。,设施数量与实际使用、运输活动和公共服务指标联合呈现。,供给增加但利用不高，或总体充足仍有局部拥堵与短缺。,规模效应、人口密度、地理条件和利用口径。,里程、装机和财政支出是供给或投入，不能直接等同服务效率。,EG-C_S03,C_S03
MAP0345,S2,C029,九年义务教育巩固率,观察义务教育队列保留。,交通、能源和教育健康服务影响生产连接、劳动力及交易成本。,设施数量与实际使用、运输活动和公共服务指标联合呈现。,供给增加但利用不高，或总体充足仍有局部拥堵与短缺。,规模效应、人口密度、地理条件和利用口径。,里程、装机和财政支出是供给或投入，不能直接等同服务效率。,EG-C_S03,C_S03
MAP0346,S2,C030,普通、职业本专科毕业生数,观察高级人才培养与潜在供给。,交通、能源和教育健康服务影响生产连接、劳动力及交易成本。,设施数量与实际使用、运输活动和公共服务指标联合呈现。,供给增加但利用不高，或总体充足仍有局部拥堵与短缺。,规模效应、人口密度、地理条件和利用口径。,里程、装机和财政支出是供给或投入，不能直接等同服务效率。,EG-C_S03,C_S03
MAP0347,S2,C031,研究生毕业生数,观察高级人才培养与潜在供给。,交通、能源和教育健康服务影响生产连接、劳动力及交易成本。,设施数量与实际使用、运输活动和公共服务指标联合呈现。,供给增加但利用不高，或总体充足仍有局部拥堵与短缺。,规模效应、人口密度、地理条件和利用口径。,里程、装机和财政支出是供给或投入，不能直接等同服务效率。,EG-C_S03,C_S03
MAP0348,S2,C032,在学研究生数,观察高级人才培养与潜在供给。,交通、能源和教育健康服务影响生产连接、劳动力及交易成本。,设施数量与实际使用、运输活动和公共服务指标联合呈现。,供给增加但利用不高，或总体充足仍有局部拥堵与短缺。,规模效应、人口密度、地理条件和利用口径。,里程、装机和财政支出是供给或投入，不能直接等同服务效率。,EG-C_S03,C_S03
MAP0349,S2,C033,高等教育专任教师数,观察教育供给资源。,交通、能源和教育健康服务影响生产连接、劳动力及交易成本。,设施数量与实际使用、运输活动和公共服务指标联合呈现。,供给增加但利用不高，或总体充足仍有局部拥堵与短缺。,规模效应、人口密度、地理条件和利用口径。,里程、装机和财政支出是供给或投入，不能直接等同服务效率。,EG-C_S03,C_S03
MAP0350,S2,C043,基本养老保险参保人数,观察养老制度覆盖规模。,交通、能源和教育健康服务影响生产连接、劳动力及交易成本。,设施数量与实际使用、运输活动和公共服务指标联合呈现。,供给增加但利用不高，或总体充足仍有局部拥堵与短缺。,规模效应、人口密度、地理条件和利用口径。,里程、装机和财政支出是供给或投入，不能直接等同服务效率。,EG-C_S02,C_S02
MAP0351,S2,C044,基本医疗保险参保人数,观察医疗保障制度覆盖。,交通、能源和教育健康服务影响生产连接、劳动力及交易成本。,设施数量与实际使用、运输活动和公共服务指标联合呈现。,供给增加但利用不高，或总体充足仍有局部拥堵与短缺。,规模效应、人口密度、地理条件和利用口径。,里程、装机和财政支出是供给或投入，不能直接等同服务效率。,EG-C_S07,C_S07
MAP0352,S2,C049,全国发电装机容量,观察电力供给物理能力及结构。,交通、能源和教育健康服务影响生产连接、劳动力及交易成本。,设施数量与实际使用、运输活动和公共服务指标联合呈现。,供给增加但利用不高，或总体充足仍有局部拥堵与短缺。,规模效应、人口密度、地理条件和利用口径。,里程、装机和财政支出是供给或投入，不能直接等同服务效率。,EG-C_S09,C_S09
MAP0353,S2,C050,发电设备累计平均利用小时,辅助观察发电设备使用程度。,交通、能源和教育健康服务影响生产连接、劳动力及交易成本。,设施数量与实际使用、运输活动和公共服务指标联合呈现。,供给增加但利用不高，或总体充足仍有局部拥堵与短缺。,规模效应、人口密度、地理条件和利用口径。,里程、装机和财政支出是供给或投入，不能直接等同服务效率。,EG-C_S09,C_S09
MAP0354,S2,C051,能源消费总量,描述经济能源投入规模。,交通、能源和教育健康服务影响生产连接、劳动力及交易成本。,设施数量与实际使用、运输活动和公共服务指标联合呈现。,供给增加但利用不高，或总体充足仍有局部拥堵与短缺。,规模效应、人口密度、地理条件和利用口径。,里程、装机和财政支出是供给或投入，不能直接等同服务效率。,EG-C_S02,C_S02
MAP0355,S2,C052,清洁能源消费占比,跟踪能源投入组合转变。,交通、能源和教育健康服务影响生产连接、劳动力及交易成本。,设施数量与实际使用、运输活动和公共服务指标联合呈现。,供给增加但利用不高，或总体充足仍有局部拥堵与短缺。,规模效应、人口密度、地理条件和利用口径。,里程、装机和财政支出是供给或投入，不能直接等同服务效率。,EG-C_S02,C_S02
MAP0356,S2,C053,铁路营业里程,观察运输基础设施存量及技术等级。,交通、能源和教育健康服务影响生产连接、劳动力及交易成本。,设施数量与实际使用、运输活动和公共服务指标联合呈现。,供给增加但利用不高，或总体充足仍有局部拥堵与短缺。,规模效应、人口密度、地理条件和利用口径。,里程、装机和财政支出是供给或投入，不能直接等同服务效率。,EG-C_S08,C_S08
MAP0357,S2,C054,公路里程,观察运输基础设施存量及技术等级。,交通、能源和教育健康服务影响生产连接、劳动力及交易成本。,设施数量与实际使用、运输活动和公共服务指标联合呈现。,供给增加但利用不高，或总体充足仍有局部拥堵与短缺。,规模效应、人口密度、地理条件和利用口径。,里程、装机和财政支出是供给或投入，不能直接等同服务效率。,EG-C_S08,C_S08
MAP0358,S2,C055,内河航道通航里程,观察运输基础设施存量及技术等级。,交通、能源和教育健康服务影响生产连接、劳动力及交易成本。,设施数量与实际使用、运输活动和公共服务指标联合呈现。,供给增加但利用不高，或总体充足仍有局部拥堵与短缺。,规模效应、人口密度、地理条件和利用口径。,里程、装机和财政支出是供给或投入，不能直接等同服务效率。,EG-C_S08,C_S08
MAP0359,S3,A004,分产业及行业增加值现价额,识别名义结构权重。,产业升级需有投入来源、上下游联系及最终需求承接。,投入产出联系、工业分项和进出口结构提供匹配证据。,高技术占比上升但配套、订单或盈利证据弱。,价格、加工贸易、外需周期、再出口和分类重叠。,技术产业分类与行业门类有重叠，不得相加为经济总量。,EG-国民核算,A_S01
MAP0360,S3,A005,分产业及行业增加值实际增速,检查增长是否具有行业广度。,产业升级需有投入来源、上下游联系及最终需求承接。,投入产出联系、工业分项和进出口结构提供匹配证据。,高技术占比上升但配套、订单或盈利证据弱。,价格、加工贸易、外需周期、再出口和分类重叠。,技术产业分类与行业门类有重叠，不得相加为经济总量。,EG-国民核算,A_S01
MAP0361,S3,B051,海关口径货物出口额,境外市场销售需求,产业升级需有投入来源、上下游联系及最终需求承接。,投入产出联系、工业分项和进出口结构提供匹配证据。,高技术占比上升但配套、订单或盈利证据弱。,价格、加工贸易、外需周期、再出口和分类重叠。,技术产业分类与行业门类有重叠，不得相加为经济总量。,EG-B_S19,B_S19
MAP0362,S3,B052,海关口径货物进口额,国内进口需求和投入供给,产业升级需有投入来源、上下游联系及最终需求承接。,投入产出联系、工业分项和进出口结构提供匹配证据。,高技术占比上升但配套、订单或盈利证据弱。,价格、加工贸易、外需周期、再出口和分类重叠。,技术产业分类与行业门类有重叠，不得相加为经济总量。,EG-B_S19,B_S19
MAP0363,S3,C008,企业执行R&D经费占比,考察研发执行是否集中于企业。,产业升级需有投入来源、上下游联系及最终需求承接。,投入产出联系、工业分项和进出口结构提供匹配证据。,高技术占比上升但配套、订单或盈利证据弱。,价格、加工贸易、外需周期、再出口和分类重叠。,技术产业分类与行业门类有重叠，不得相加为经济总量。,EG-科技经费,C_S01
MAP0364,S3,C009,规模以上高技术制造业R&D经费投入强度,比较高技术生产部门研发密度。,产业升级需有投入来源、上下游联系及最终需求承接。,投入产出联系、工业分项和进出口结构提供匹配证据。,高技术占比上升但配套、订单或盈利证据弱。,价格、加工贸易、外需周期、再出口和分类重叠。,技术产业分类与行业门类有重叠，不得相加为经济总量。,EG-科技经费,C_S01
MAP0365,S3,C013,每万人口高价值发明专利拥有量,提供比一般件数更有筛选条件的权利存量代理。,产业升级需有投入来源、上下游联系及最终需求承接。,投入产出联系、工业分项和进出口结构提供匹配证据。,高技术占比上升但配套、订单或盈利证据弱。,价格、加工贸易、外需周期、再出口和分类重叠。,技术产业分类与行业门类有重叠，不得相加为经济总量。,EG-C_S02,C_S02
MAP0366,S3,C014,PCT国际专利申请受理量,观察通过PCT路径寻求多国保护的活动。,产业升级需有投入来源、上下游联系及最终需求承接。,投入产出联系、工业分项和进出口结构提供匹配证据。,高技术占比上升但配套、订单或盈利证据弱。,价格、加工贸易、外需周期、再出口和分类重叠。,技术产业分类与行业门类有重叠，不得相加为经济总量。,EG-C_S02,C_S02
MAP0367,S3,C015,企业发明专利产业化率,检验受保护成果是否进入产品市场。,产业升级需有投入来源、上下游联系及最终需求承接。,投入产出联系、工业分项和进出口结构提供匹配证据。,高技术占比上升但配套、订单或盈利证据弱。,价格、加工贸易、外需周期、再出口和分类重叠。,技术产业分类与行业门类有重叠，不得相加为经济总量。,EG-C_S06,C_S06
MAP0368,S3,C016,企业发明专利产业化平均收益,补充进入市场后的收益信息。,产业升级需有投入来源、上下游联系及最终需求承接。,投入产出联系、工业分项和进出口结构提供匹配证据。,高技术占比上升但配套、订单或盈利证据弱。,价格、加工贸易、外需周期、再出口和分类重叠。,技术产业分类与行业门类有重叠，不得相加为经济总量。,EG-C_S06,C_S06
MAP0369,S3,C017,企业发明专利研发获取比例,区分内部/合作研发与技术权利购买。,产业升级需有投入来源、上下游联系及最终需求承接。,投入产出联系、工业分项和进出口结构提供匹配证据。,高技术占比上升但配套、订单或盈利证据弱。,价格、加工贸易、外需周期、再出口和分类重叠。,技术产业分类与行业门类有重叠，不得相加为经济总量。,EG-C_S06,C_S06
MAP0370,S3,C018,规模以上工业企业新产品销售收入,检验新产品获得销售市场规模。,产业升级需有投入来源、上下游联系及最终需求承接。,投入产出联系、工业分项和进出口结构提供匹配证据。,高技术占比上升但配套、订单或盈利证据弱。,价格、加工贸易、外需周期、再出口和分类重叠。,技术产业分类与行业门类有重叠，不得相加为经济总量。,EG-C_S13,C_S13
MAP0371,S3,C019,有R&D活动的规模以上工业企业比重,衡量企业开展研发活动的扩散面。,产业升级需有投入来源、上下游联系及最终需求承接。,投入产出联系、工业分项和进出口结构提供匹配证据。,高技术占比上升但配套、订单或盈利证据弱。,价格、加工贸易、外需周期、再出口和分类重叠。,技术产业分类与行业门类有重叠，不得相加为经济总量。,EG-C_S13,C_S13
MAP0372,S3,C052,清洁能源消费占比,跟踪能源投入组合转变。,产业升级需有投入来源、上下游联系及最终需求承接。,投入产出联系、工业分项和进出口结构提供匹配证据。,高技术占比上升但配套、订单或盈利证据弱。,价格、加工贸易、外需周期、再出口和分类重叠。,技术产业分类与行业门类有重叠，不得相加为经济总量。,EG-C_S02,C_S02
MAP0373,S3,C059,技术合同成交额,观察登记技术市场活动的规模，为成果转化提供交易环节证据。,产业升级需有投入来源、上下游联系及最终需求承接。,投入产出联系、工业分项和进出口结构提供匹配证据。,高技术占比上升但配套、订单或盈利证据弱。,价格、加工贸易、外需周期、再出口和分类重叠。,技术产业分类与行业门类有重叠，不得相加为经济总量。,EG-C_S02,C_S02
MAP0374,S3,E003,规上工业出口交货值,从工业企业交货端观察外需相关名义活动。,产业升级需有投入来源、上下游联系及最终需求承接。,投入产出联系、工业分项和进出口结构提供匹配证据。,高技术占比上升但配套、订单或盈利证据弱。,价格、加工贸易、外需周期、再出口和分类重叠。,技术产业分类与行业门类有重叠，不得相加为经济总量。,EG-E_S01,E_S01
MAP0375,S3,E004,规上工业主要产品产量（产品家族）,用实物量检验名义收入与价格变化，观察产品结构。,产业升级需有投入来源、上下游联系及最终需求承接。,投入产出联系、工业分项和进出口结构提供匹配证据。,高技术占比上升但配套、订单或盈利证据弱。,价格、加工贸易、外需周期、再出口和分类重叠。,技术产业分类与行业门类有重叠，不得相加为经济总量。,EG-E_S01,E_S01
MAP0376,S3,R017,按地区和主要行业分法人单位数,观察经济主体存量在地区和行业的分布。,产业升级需有投入来源、上下游联系及最终需求承接。,投入产出联系、工业分项和进出口结构提供匹配证据。,高技术占比上升但配套、订单或盈利证据弱。,价格、加工贸易、外需周期、再出口和分类重叠。,技术产业分类与行业门类有重叠，不得相加为经济总量。,EG-R_REGION_UNITS,R_REGION_UNITS
MAP0377,S4,A059,居民消费价格指数CPI及涨跌幅,居民消费价格与实际购买力的总体价格证据。,新增资本与产能应结合利用和经营结果检验可持续性。,相关投资、产能利用、销售和利润在合理项目期内同步改善。,投资持续上升而利用率、价格或利润承压。,学习期、公共品外部收益、替代旧产能和周期冲击。,基建社会收益与企业财务收益不同，不能用工业利润率评价全部公共项目。,EG-A_S25,A_S25
MAP0378,S4,A060,核心CPI（不包括食品和能源）及涨跌幅,辅助识别食品和能源直接波动之外的价格走势。,新增资本与产能应结合利用和经营结果检验可持续性。,相关投资、产能利用、销售和利润在合理项目期内同步改善。,投资持续上升而利用率、价格或利润承压。,学习期、公共品外部收益、替代旧产能和周期冲击。,基建社会收益与企业财务收益不同，不能用工业利润率评价全部公共项目。,EG-A_S25,A_S25
MAP0379,S4,A061,服务CPI及涨跌幅,服务消费价格变化，与住户服务支出量价分离配套。,新增资本与产能应结合利用和经营结果检验可持续性。,相关投资、产能利用、销售和利润在合理项目期内同步改善。,投资持续上升而利用率、价格或利润承压。,学习期、公共品外部收益、替代旧产能和周期冲击。,基建社会收益与企业财务收益不同，不能用工业利润率评价全部公共项目。,EG-A_S25,A_S25
MAP0380,S4,A062,工业生产者出厂价格指数PPI及涨跌幅,工业销售价格环境，配合产量、收入和盈利分析。,新增资本与产能应结合利用和经营结果检验可持续性。,相关投资、产能利用、销售和利润在合理项目期内同步改善。,投资持续上升而利用率、价格或利润承压。,学习期、公共品外部收益、替代旧产能和周期冲击。,基建社会收益与企业财务收益不同，不能用工业利润率评价全部公共项目。,EG-A_S26,A_S26
MAP0381,S4,A063,工业生产者购进价格指数及涨跌幅,工业中间投入成本的价格变化。,新增资本与产能应结合利用和经营结果检验可持续性。,相关投资、产能利用、销售和利润在合理项目期内同步改善。,投资持续上升而利用率、价格或利润承压。,学习期、公共品外部收益、替代旧产能和周期冲击。,基建社会收益与企业财务收益不同，不能用工业利润率评价全部公共项目。,EG-A_S26,A_S26
MAP0382,S4,B001,规上工业营业收入,市场实现收入规模,新增资本与产能应结合利用和经营结果检验可持续性。,相关投资、产能利用、销售和利润在合理项目期内同步改善。,投资持续上升而利用率、价格或利润承压。,学习期、公共品外部收益、替代旧产能和周期冲击。,基建社会收益与企业财务收益不同，不能用工业利润率评价全部公共项目。,EG-规上工业财务,B_S01
MAP0383,S4,B003,规上工业利润总额,盈利及自筹资金能力线索,新增资本与产能应结合利用和经营结果检验可持续性。,相关投资、产能利用、销售和利润在合理项目期内同步改善。,投资持续上升而利用率、价格或利润承压。,学习期、公共品外部收益、替代旧产能和周期冲击。,基建社会收益与企业财务收益不同，不能用工业利润率评价全部公共项目。,EG-规上工业财务,B_S01
MAP0384,S4,B009,规上工业营业收入利润率,收入转换为税前盈利的比例,新增资本与产能应结合利用和经营结果检验可持续性。,相关投资、产能利用、销售和利润在合理项目期内同步改善。,投资持续上升而利用率、价格或利润承压。,学习期、公共品外部收益、替代旧产能和周期冲击。,基建社会收益与企业财务收益不同，不能用工业利润率评价全部公共项目。,EG-规上工业财务,B_S01
MAP0385,S4,B012,规上工业产成品存货周转天数,成品库存资金周转,新增资本与产能应结合利用和经营结果检验可持续性。,相关投资、产能利用、销售和利润在合理项目期内同步改善。,投资持续上升而利用率、价格或利润承压。,学习期、公共品外部收益、替代旧产能和周期冲击。,基建社会收益与企业财务收益不同，不能用工业利润率评价全部公共项目。,EG-规上工业财务,B_S01
MAP0386,S4,B013,规上工业每百元资产实现营业收入,名义资产利用效率线索,新增资本与产能应结合利用和经营结果检验可持续性。,相关投资、产能利用、销售和利润在合理项目期内同步改善。,投资持续上升而利用率、价格或利润承压。,学习期、公共品外部收益、替代旧产能和周期冲击。,基建社会收益与企业财务收益不同，不能用工业利润率评价全部公共项目。,EG-规上工业财务,B_S01
MAP0387,S4,B015,固定资产投资（不含农户）,观察投资建设投入,新增资本与产能应结合利用和经营结果检验可持续性。,相关投资、产能利用、销售和利润在合理项目期内同步改善。,投资持续上升而利用率、价格或利润承压。,学习期、公共品外部收益、替代旧产能和周期冲击。,基建社会收益与企业财务收益不同，不能用工业利润率评价全部公共项目。,EG-B_S02,B_S02
MAP0388,S4,B016,设备工器具购置投资增速,设备更新投入信号,新增资本与产能应结合利用和经营结果检验可持续性。,相关投资、产能利用、销售和利润在合理项目期内同步改善。,投资持续上升而利用率、价格或利润承压。,学习期、公共品外部收益、替代旧产能和周期冲击。,基建社会收益与企业财务收益不同，不能用工业利润率评价全部公共项目。,EG-B_S02,B_S02
MAP0389,S4,B017,房地产开发投资,开发建设投入,新增资本与产能应结合利用和经营结果检验可持续性。,相关投资、产能利用、销售和利润在合理项目期内同步改善。,投资持续上升而利用率、价格或利润承压。,学习期、公共品外部收益、替代旧产能和周期冲击。,基建社会收益与企业财务收益不同，不能用工业利润率评价全部公共项目。,EG-B_S03,B_S03
MAP0390,S4,C049,全国发电装机容量,观察电力供给物理能力及结构。,新增资本与产能应结合利用和经营结果检验可持续性。,相关投资、产能利用、销售和利润在合理项目期内同步改善。,投资持续上升而利用率、价格或利润承压。,学习期、公共品外部收益、替代旧产能和周期冲击。,基建社会收益与企业财务收益不同，不能用工业利润率评价全部公共项目。,EG-C_S09,C_S09
MAP0391,S4,C050,发电设备累计平均利用小时,辅助观察发电设备使用程度。,新增资本与产能应结合利用和经营结果检验可持续性。,相关投资、产能利用、销售和利润在合理项目期内同步改善。,投资持续上升而利用率、价格或利润承压。,学习期、公共品外部收益、替代旧产能和周期冲击。,基建社会收益与企业财务收益不同，不能用工业利润率评价全部公共项目。,EG-C_S09,C_S09
MAP0392,S4,E001,规上工业增加值实际增长,衡量工业产出变化，与利用率和利润共同验证需求传导。,新增资本与产能应结合利用和经营结果检验可持续性。,相关投资、产能利用、销售和利润在合理项目期内同步改善。,投资持续上升而利用率、价格或利润承压。,学习期、公共品外部收益、替代旧产能和周期冲击。,基建社会收益与企业财务收益不同，不能用工业利润率评价全部公共项目。,EG-E_S01,E_S01
MAP0393,S4,E005,规上工业产能利用率,验证产出增长是否伴随产能使用改善。,新增资本与产能应结合利用和经营结果检验可持续性。,相关投资、产能利用、销售和利润在合理项目期内同步改善。,投资持续上升而利用率、价格或利润承压。,学习期、公共品外部收益、替代旧产能和周期冲击。,基建社会收益与企业财务收益不同，不能用工业利润率评价全部公共项目。,EG-E_S02,E_S02
MAP0394,D1,A007,资本形成总额对GDP增长的拉动,拆解实际GDP增长的需求来源。,资本形成、生产扩张与销售和利润之间的关系体现再生产的经营约束。,积累扩张同时有收入、利润和库存周转支撑。,生产及投资增长而利润、回款和需求不足。,价格周期、会计变化、公共投资以及产业阶段差异。,工业利润率不是马克思理论的一般利润率，不能跨口径套算。,EG-国民核算,A_S03
MAP0395,D1,B001,规上工业营业收入,市场实现收入规模,资本形成、生产扩张与销售和利润之间的关系体现再生产的经营约束。,积累扩张同时有收入、利润和库存周转支撑。,生产及投资增长而利润、回款和需求不足。,价格周期、会计变化、公共投资以及产业阶段差异。,工业利润率不是马克思理论的一般利润率，不能跨口径套算。,EG-规上工业财务,B_S01
MAP0396,D1,B002,规上工业营业成本,经营成本压力,资本形成、生产扩张与销售和利润之间的关系体现再生产的经营约束。,积累扩张同时有收入、利润和库存周转支撑。,生产及投资增长而利润、回款和需求不足。,价格周期、会计变化、公共投资以及产业阶段差异。,工业利润率不是马克思理论的一般利润率，不能跨口径套算。,EG-规上工业财务,B_S01
MAP0397,D1,B003,规上工业利润总额,盈利及自筹资金能力线索,资本形成、生产扩张与销售和利润之间的关系体现再生产的经营约束。,积累扩张同时有收入、利润和库存周转支撑。,生产及投资增长而利润、回款和需求不足。,价格周期、会计变化、公共投资以及产业阶段差异。,工业利润率不是马克思理论的一般利润率，不能跨口径套算。,EG-规上工业财务,B_S01
MAP0398,D1,B006,规上工业所有者权益合计,账面损失缓冲,资本形成、生产扩张与销售和利润之间的关系体现再生产的经营约束。,积累扩张同时有收入、利润和库存周转支撑。,生产及投资增长而利润、回款和需求不足。,价格周期、会计变化、公共投资以及产业阶段差异。,工业利润率不是马克思理论的一般利润率，不能跨口径套算。,EG-规上工业财务,B_S01
MAP0399,D1,B007,规上工业应收账款,收入到回款之间资金占用,资本形成、生产扩张与销售和利润之间的关系体现再生产的经营约束。,积累扩张同时有收入、利润和库存周转支撑。,生产及投资增长而利润、回款和需求不足。,价格周期、会计变化、公共投资以及产业阶段差异。,工业利润率不是马克思理论的一般利润率，不能跨口径套算。,EG-规上工业财务,B_S01
MAP0400,D1,B008,规上工业产成品存货,已完工库存占款,资本形成、生产扩张与销售和利润之间的关系体现再生产的经营约束。,积累扩张同时有收入、利润和库存周转支撑。,生产及投资增长而利润、回款和需求不足。,价格周期、会计变化、公共投资以及产业阶段差异。,工业利润率不是马克思理论的一般利润率，不能跨口径套算。,EG-规上工业财务,B_S01
MAP0401,D1,B009,规上工业营业收入利润率,收入转换为税前盈利的比例,资本形成、生产扩张与销售和利润之间的关系体现再生产的经营约束。,积累扩张同时有收入、利润和库存周转支撑。,生产及投资增长而利润、回款和需求不足。,价格周期、会计变化、公共投资以及产业阶段差异。,工业利润率不是马克思理论的一般利润率，不能跨口径套算。,EG-规上工业财务,B_S01
MAP0402,D1,B012,规上工业产成品存货周转天数,成品库存资金周转,资本形成、生产扩张与销售和利润之间的关系体现再生产的经营约束。,积累扩张同时有收入、利润和库存周转支撑。,生产及投资增长而利润、回款和需求不足。,价格周期、会计变化、公共投资以及产业阶段差异。,工业利润率不是马克思理论的一般利润率，不能跨口径套算。,EG-规上工业财务,B_S01
MAP0403,D1,B015,固定资产投资（不含农户）,观察投资建设投入,资本形成、生产扩张与销售和利润之间的关系体现再生产的经营约束。,积累扩张同时有收入、利润和库存周转支撑。,生产及投资增长而利润、回款和需求不足。,价格周期、会计变化、公共投资以及产业阶段差异。,工业利润率不是马克思理论的一般利润率，不能跨口径套算。,EG-B_S02,B_S02
MAP0404,D1,E001,规上工业增加值实际增长,衡量工业产出变化，与利用率和利润共同验证需求传导。,资本形成、生产扩张与销售和利润之间的关系体现再生产的经营约束。,积累扩张同时有收入、利润和库存周转支撑。,生产及投资增长而利润、回款和需求不足。,价格周期、会计变化、公共投资以及产业阶段差异。,工业利润率不是马克思理论的一般利润率，不能跨口径套算。,EG-E_S01,E_S01
MAP0405,D1,E002,规上工业产品销售率,观察生产与销售衔接，需联合库存和回款。,资本形成、生产扩张与销售和利润之间的关系体现再生产的经营约束。,积累扩张同时有收入、利润和库存周转支撑。,生产及投资增长而利润、回款和需求不足。,价格周期、会计变化、公共投资以及产业阶段差异。,工业利润率不是马克思理论的一般利润率，不能跨口径套算。,EG-E_S01,E_S01
MAP0406,D1,R008,机构部门总储蓄,连接部门收入、支出与资金余缺；需结合相邻账户解释变化。,资本形成、生产扩张与销售和利润之间的关系体现再生产的经营约束。,积累扩张同时有收入、利润和库存周转支撑。,生产及投资增长而利润、回款和需求不足。,价格周期、会计变化、公共投资以及产业阶段差异。,工业利润率不是马克思理论的一般利润率，不能跨口径套算。,EG-资金流量,R_FOF
MAP0407,D1,R009,机构部门资本形成总额,连接部门收入、支出与资金余缺；需结合相邻账户解释变化。,资本形成、生产扩张与销售和利润之间的关系体现再生产的经营约束。,积累扩张同时有收入、利润和库存周转支撑。,生产及投资增长而利润、回款和需求不足。,价格周期、会计变化、公共投资以及产业阶段差异。,工业利润率不是马克思理论的一般利润率，不能跨口径套算。,EG-资金流量,R_FOF
MAP0408,D2,A011,全员劳动生产率,观察每位就业者的平均实际产出。,生产率收益在劳动报酬、利润与其他收入间的分配影响增长的受益范围。,同范围实际工资/劳动报酬和劳动生产率在可比期间共同改善。,平均工资上涨但中位收入较弱，或就业覆盖收缩。,行业组成、自雇混合收入、税费与社保、就业单位样本。,不能用城镇单位工资对全国劳动生产率直接推断劳动报酬份额变化。,EG-国民核算,A_S03
MAP0409,D2,A014,居民人均可支配收入,观察家庭消费预算基础。,生产率收益在劳动报酬、利润与其他收入间的分配影响增长的受益范围。,同范围实际工资/劳动报酬和劳动生产率在可比期间共同改善。,平均工资上涨但中位收入较弱，或就业覆盖收缩。,行业组成、自雇混合收入、税费与社保、就业单位样本。,不能用城镇单位工资对全国劳动生产率直接推断劳动报酬份额变化。,EG-住户调查,A_S04
MAP0410,D2,A015,居民人均可支配收入实际增速,检验购买力变化。,生产率收益在劳动报酬、利润与其他收入间的分配影响增长的受益范围。,同范围实际工资/劳动报酬和劳动生产率在可比期间共同改善。,平均工资上涨但中位收入较弱，或就业覆盖收缩。,行业组成、自雇混合收入、税费与社保、就业单位样本。,不能用城镇单位工资对全国劳动生产率直接推断劳动报酬份额变化。,EG-住户调查,A_S04
MAP0411,D2,A027,全国企业就业人员周平均工作时间,辅助判断劳动强度。,生产率收益在劳动报酬、利润与其他收入间的分配影响增长的受益范围。,同范围实际工资/劳动报酬和劳动生产率在可比期间共同改善。,平均工资上涨但中位收入较弱，或就业覆盖收缩。,行业组成、自雇混合收入、税费与社保、就业单位样本。,不能用城镇单位工资对全国劳动生产率直接推断劳动报酬份额变化。,EG-劳动力调查,A_S07
MAP0412,D2,A028,全国就业人员年末人数,劳动投入人数规模。,生产率收益在劳动报酬、利润与其他收入间的分配影响增长的受益范围。,同范围实际工资/劳动报酬和劳动生产率在可比期间共同改善。,平均工资上涨但中位收入较弱，或就业覆盖收缩。,行业组成、自雇混合收入、税费与社保、就业单位样本。,不能用城镇单位工资对全国劳动生产率直接推断劳动报酬份额变化。,EG-A_S03,A_S03
MAP0413,D2,C034,居民人均可支配收入中位数,与平均值对照识别收入分布偏斜。,生产率收益在劳动报酬、利润与其他收入间的分配影响增长的受益范围。,同范围实际工资/劳动报酬和劳动生产率在可比期间共同改善。,平均工资上涨但中位收入较弱，或就业覆盖收缩。,行业组成、自雇混合收入、税费与社保、就业单位样本。,不能用城镇单位工资对全国劳动生产率直接推断劳动报酬份额变化。,EG-住户调查,C_S04
MAP0414,D2,C037,收入中位数与平均数之比,辅助观察均值受高收入端影响的程度。,生产率收益在劳动报酬、利润与其他收入间的分配影响增长的受益范围。,同范围实际工资/劳动报酬和劳动生产率在可比期间共同改善。,平均工资上涨但中位收入较弱，或就业覆盖收缩。,行业组成、自雇混合收入、税费与社保、就业单位样本。,不能用城镇单位工资对全国劳动生产率直接推断劳动报酬份额变化。,EG-住户调查,C_S04
MAP0415,D2,C039,居民人均工资性收入,拆分居民可支配收入来源及城乡差别。,生产率收益在劳动报酬、利润与其他收入间的分配影响增长的受益范围。,同范围实际工资/劳动报酬和劳动生产率在可比期间共同改善。,平均工资上涨但中位收入较弱，或就业覆盖收缩。,行业组成、自雇混合收入、税费与社保、就业单位样本。,不能用城镇单位工资对全国劳动生产率直接推断劳动报酬份额变化。,EG-住户调查,C_S04
MAP0416,D2,C056,城镇非私营单位就业人员年平均工资,观察单位就业人员劳动收入水平及行业、登记类型或岗位差异。,生产率收益在劳动报酬、利润与其他收入间的分配影响增长的受益范围。,同范围实际工资/劳动报酬和劳动生产率在可比期间共同改善。,平均工资上涨但中位收入较弱，或就业覆盖收缩。,行业组成、自雇混合收入、税费与社保、就业单位样本。,不能用城镇单位工资对全国劳动生产率直接推断劳动报酬份额变化。,EG-城镇单位工资,C_S15
MAP0417,D2,C057,城镇私营单位就业人员年平均工资,观察单位就业人员劳动收入水平及行业、登记类型或岗位差异。,生产率收益在劳动报酬、利润与其他收入间的分配影响增长的受益范围。,同范围实际工资/劳动报酬和劳动生产率在可比期间共同改善。,平均工资上涨但中位收入较弱，或就业覆盖收缩。,行业组成、自雇混合收入、税费与社保、就业单位样本。,不能用城镇单位工资对全国劳动生产率直接推断劳动报酬份额变化。,EG-城镇单位工资,C_S15
MAP0418,D2,C058,规模以上企业就业人员分岗位年平均工资,观察单位就业人员劳动收入水平及行业、登记类型或岗位差异。,生产率收益在劳动报酬、利润与其他收入间的分配影响增长的受益范围。,同范围实际工资/劳动报酬和劳动生产率在可比期间共同改善。,平均工资上涨但中位收入较弱，或就业覆盖收缩。,行业组成、自雇混合收入、税费与社保、就业单位样本。,不能用城镇单位工资对全国劳动生产率直接推断劳动报酬份额变化。,EG-城镇单位工资,C_S15
MAP0419,D2,R002,机构部门劳动者报酬,连接部门收入、支出与资金余缺；需结合相邻账户解释变化。,生产率收益在劳动报酬、利润与其他收入间的分配影响增长的受益范围。,同范围实际工资/劳动报酬和劳动生产率在可比期间共同改善。,平均工资上涨但中位收入较弱，或就业覆盖收缩。,行业组成、自雇混合收入、税费与社保、就业单位样本。,不能用城镇单位工资对全国劳动生产率直接推断劳动报酬份额变化。,EG-资金流量,R_FOF
MAP0420,D2,R015,国内劳动者报酬占增加值比重,国内生产过程中支付的劳动者报酬占增加值比例，保留统计劳动报酬定义。比较变化需同时看分子与分母。,生产率收益在劳动报酬、利润与其他收入间的分配影响增长的受益范围。,同范围实际工资/劳动报酬和劳动生产率在可比期间共同改善。,平均工资上涨但中位收入较弱，或就业覆盖收缩。,行业组成、自雇混合收入、税费与社保、就业单位样本。,不能用城镇单位工资对全国劳动生产率直接推断劳动报酬份额变化。,EG-资金流量,R_FOF
MAP0421,D3,A014,居民人均可支配收入,观察家庭消费预算基础。,不同收入群体的资源、负担和保障差异可能影响消费能力，但需要群体消费证据。,收入分组、城乡差异、消费和保障证据共同支持受益面判断。,收入分布变化却没有匹配群体消费数据。,生命周期、家庭规模、住房负担、资产与收入不同。,无分组消费资料时不估算各收入组边际消费倾向；收入五等份不是财富五等份。,EG-住户调查,A_S04
MAP0422,D3,A015,居民人均可支配收入实际增速,检验购买力变化。,不同收入群体的资源、负担和保障差异可能影响消费能力，但需要群体消费证据。,收入分组、城乡差异、消费和保障证据共同支持受益面判断。,收入分布变化却没有匹配群体消费数据。,生命周期、家庭规模、住房负担、资产与收入不同。,无分组消费资料时不估算各收入组边际消费倾向；收入五等份不是财富五等份。,EG-住户调查,A_S04
MAP0423,D3,A016,居民人均消费支出,需求端住户消费水平。,不同收入群体的资源、负担和保障差异可能影响消费能力，但需要群体消费证据。,收入分组、城乡差异、消费和保障证据共同支持受益面判断。,收入分布变化却没有匹配群体消费数据。,生命周期、家庭规模、住房负担、资产与收入不同。,无分组消费资料时不估算各收入组边际消费倾向；收入五等份不是财富五等份。,EG-住户调查,A_S04
MAP0424,D3,A017,居民人均消费支出实际增速,核对名义增长是否对应实际消费扩张。,不同收入群体的资源、负担和保障差异可能影响消费能力，但需要群体消费证据。,收入分组、城乡差异、消费和保障证据共同支持受益面判断。,收入分布变化却没有匹配群体消费数据。,生命周期、家庭规模、住房负担、资产与收入不同。,无分组消费资料时不估算各收入组边际消费倾向；收入五等份不是财富五等份。,EG-住户调查,A_S04
MAP0425,D3,A018,居民人均分消费类别支出,检查家庭开支的结构变化。,不同收入群体的资源、负担和保障差异可能影响消费能力，但需要群体消费证据。,收入分组、城乡差异、消费和保障证据共同支持受益面判断。,收入分布变化却没有匹配群体消费数据。,生命周期、家庭规模、住房负担、资产与收入不同。,无分组消费资料时不估算各收入组边际消费倾向；收入五等份不是财富五等份。,EG-住户调查,A_S04
MAP0426,D3,A019,居民服务性消费支出占人均消费支出比重,观察住户消费商品/服务结构。,不同收入群体的资源、负担和保障差异可能影响消费能力，但需要群体消费证据。,收入分组、城乡差异、消费和保障证据共同支持受益面判断。,收入分布变化却没有匹配群体消费数据。,生命周期、家庭规模、住房负担、资产与收入不同。,无分组消费资料时不估算各收入组边际消费倾向；收入五等份不是财富五等份。,EG-住户调查,A_S07
MAP0427,D3,A056,住户调查消费支出与可支配收入之比,描述住户调查支出相对收入的比例。,不同收入群体的资源、负担和保障差异可能影响消费能力，但需要群体消费证据。,收入分组、城乡差异、消费和保障证据共同支持受益面判断。,收入分布变化却没有匹配群体消费数据。,生命周期、家庭规模、住房负担、资产与收入不同。,无分组消费资料时不估算各收入组边际消费倾向；收入五等份不是财富五等份。,EG-住户调查,A_S04
MAP0428,D3,C021,年末人口数,提供人均指标与长期劳动供给边界。,不同收入群体的资源、负担和保障差异可能影响消费能力，但需要群体消费证据。,收入分组、城乡差异、消费和保障证据共同支持受益面判断。,收入分布变化却没有匹配群体消费数据。,生命周期、家庭规模、住房负担、资产与收入不同。,无分组消费资料时不估算各收入组边际消费倾向；收入五等份不是财富五等份。,EG-C_S02,C_S02
MAP0429,D3,C022,年末分年龄人口,识别劳动力年龄基础和养老/教育需求。,不同收入群体的资源、负担和保障差异可能影响消费能力，但需要群体消费证据。,收入分组、城乡差异、消费和保障证据共同支持受益面判断。,收入分布变化却没有匹配群体消费数据。,生命周期、家庭规模、住房负担、资产与收入不同。,无分组消费资料时不估算各收入组边际消费倾向；收入五等份不是财富五等份。,EG-C_S02,C_S02
MAP0430,D3,C023,人口出生率,观察人口自然变动与未来年龄队列。,不同收入群体的资源、负担和保障差异可能影响消费能力，但需要群体消费证据。,收入分组、城乡差异、消费和保障证据共同支持受益面判断。,收入分布变化却没有匹配群体消费数据。,生命周期、家庭规模、住房负担、资产与收入不同。,无分组消费资料时不估算各收入组边际消费倾向；收入五等份不是财富五等份。,EG-C_S02,C_S02
MAP0431,D3,C024,人口自然增长率,观察人口自然变动与未来年龄队列。,不同收入群体的资源、负担和保障差异可能影响消费能力，但需要群体消费证据。,收入分组、城乡差异、消费和保障证据共同支持受益面判断。,收入分布变化却没有匹配群体消费数据。,生命周期、家庭规模、住房负担、资产与收入不同。,无分组消费资料时不估算各收入组边际消费倾向；收入五等份不是财富五等份。,EG-C_S02,C_S02
MAP0432,D3,C034,居民人均可支配收入中位数,与平均值对照识别收入分布偏斜。,不同收入群体的资源、负担和保障差异可能影响消费能力，但需要群体消费证据。,收入分组、城乡差异、消费和保障证据共同支持受益面判断。,收入分布变化却没有匹配群体消费数据。,生命周期、家庭规模、住房负担、资产与收入不同。,无分组消费资料时不估算各收入组边际消费倾向；收入五等份不是财富五等份。,EG-住户调查,C_S04
MAP0433,D3,C035,全国居民五等份组人均可支配收入,观察不同收入家庭组的收入水平。,不同收入群体的资源、负担和保障差异可能影响消费能力，但需要群体消费证据。,收入分组、城乡差异、消费和保障证据共同支持受益面判断。,收入分布变化却没有匹配群体消费数据。,生命周期、家庭规模、住房负担、资产与收入不同。,无分组消费资料时不估算各收入组边际消费倾向；收入五等份不是财富五等份。,EG-住户调查,C_S02
MAP0434,D3,C036,五等份高低收入组均值比,给出可复算的尾部组均值差距。,不同收入群体的资源、负担和保障差异可能影响消费能力，但需要群体消费证据。,收入分组、城乡差异、消费和保障证据共同支持受益面判断。,收入分布变化却没有匹配群体消费数据。,生命周期、家庭规模、住房负担、资产与收入不同。,无分组消费资料时不估算各收入组边际消费倾向；收入五等份不是财富五等份。,EG-住户调查,C_S02
MAP0435,D3,C037,收入中位数与平均数之比,辅助观察均值受高收入端影响的程度。,不同收入群体的资源、负担和保障差异可能影响消费能力，但需要群体消费证据。,收入分组、城乡差异、消费和保障证据共同支持受益面判断。,收入分布变化却没有匹配群体消费数据。,生命周期、家庭规模、住房负担、资产与收入不同。,无分组消费资料时不估算各收入组边际消费倾向；收入五等份不是财富五等份。,EG-住户调查,C_S04
MAP0436,D3,C038,城乡居民人均可支配收入比,观察常住地收入组间平均差距。,不同收入群体的资源、负担和保障差异可能影响消费能力，但需要群体消费证据。,收入分组、城乡差异、消费和保障证据共同支持受益面判断。,收入分布变化却没有匹配群体消费数据。,生命周期、家庭规模、住房负担、资产与收入不同。,无分组消费资料时不估算各收入组边际消费倾向；收入五等份不是财富五等份。,EG-住户调查,C_S04
MAP0437,D3,C039,居民人均工资性收入,拆分居民可支配收入来源及城乡差别。,不同收入群体的资源、负担和保障差异可能影响消费能力，但需要群体消费证据。,收入分组、城乡差异、消费和保障证据共同支持受益面判断。,收入分布变化却没有匹配群体消费数据。,生命周期、家庭规模、住房负担、资产与收入不同。,无分组消费资料时不估算各收入组边际消费倾向；收入五等份不是财富五等份。,EG-住户调查,C_S04
MAP0438,D3,C040,居民人均经营净收入,拆分居民可支配收入来源及城乡差别。,不同收入群体的资源、负担和保障差异可能影响消费能力，但需要群体消费证据。,收入分组、城乡差异、消费和保障证据共同支持受益面判断。,收入分布变化却没有匹配群体消费数据。,生命周期、家庭规模、住房负担、资产与收入不同。,无分组消费资料时不估算各收入组边际消费倾向；收入五等份不是财富五等份。,EG-住户调查,C_S04
MAP0439,D3,C041,居民人均财产净收入,拆分居民可支配收入来源及城乡差别。,不同收入群体的资源、负担和保障差异可能影响消费能力，但需要群体消费证据。,收入分组、城乡差异、消费和保障证据共同支持受益面判断。,收入分布变化却没有匹配群体消费数据。,生命周期、家庭规模、住房负担、资产与收入不同。,无分组消费资料时不估算各收入组边际消费倾向；收入五等份不是财富五等份。,EG-住户调查,C_S04
MAP0440,D3,C042,居民人均转移净收入,拆分居民可支配收入来源及城乡差别。,不同收入群体的资源、负担和保障差异可能影响消费能力，但需要群体消费证据。,收入分组、城乡差异、消费和保障证据共同支持受益面判断。,收入分布变化却没有匹配群体消费数据。,生命周期、家庭规模、住房负担、资产与收入不同。,无分组消费资料时不估算各收入组边际消费倾向；收入五等份不是财富五等份。,EG-住户调查,C_S04
MAP0441,D3,C043,基本养老保险参保人数,观察养老制度覆盖规模。,不同收入群体的资源、负担和保障差异可能影响消费能力，但需要群体消费证据。,收入分组、城乡差异、消费和保障证据共同支持受益面判断。,收入分布变化却没有匹配群体消费数据。,生命周期、家庭规模、住房负担、资产与收入不同。,无分组消费资料时不估算各收入组边际消费倾向；收入五等份不是财富五等份。,EG-C_S02,C_S02
MAP0442,D3,C044,基本医疗保险参保人数,观察医疗保障制度覆盖。,不同收入群体的资源、负担和保障差异可能影响消费能力，但需要群体消费证据。,收入分组、城乡差异、消费和保障证据共同支持受益面判断。,收入分布变化却没有匹配群体消费数据。,生命周期、家庭规模、住房负担、资产与收入不同。,无分组消费资料时不估算各收入组边际消费倾向；收入五等份不是财富五等份。,EG-C_S07,C_S07
MAP0443,D3,C045,基本医保住院费用目录内基金支付比例,衡量制度内住院费用分担。,不同收入群体的资源、负担和保障差异可能影响消费能力，但需要群体消费证据。,收入分组、城乡差异、消费和保障证据共同支持受益面判断。,收入分布变化却没有匹配群体消费数据。,生命周期、家庭规模、住房负担、资产与收入不同。,无分组消费资料时不估算各收入组边际消费倾向；收入五等份不是财富五等份。,EG-C_S07,C_S07
MAP0444,D3,C046,基本医疗保险基金收入,观察医疗保障资金收支规模。,不同收入群体的资源、负担和保障差异可能影响消费能力，但需要群体消费证据。,收入分组、城乡差异、消费和保障证据共同支持受益面判断。,收入分布变化却没有匹配群体消费数据。,生命周期、家庭规模、住房负担、资产与收入不同。,无分组消费资料时不估算各收入组边际消费倾向；收入五等份不是财富五等份。,EG-C_S07,C_S07
MAP0445,D3,C047,基本医疗保险基金支出,观察医疗保障资金收支规模。,不同收入群体的资源、负担和保障差异可能影响消费能力，但需要群体消费证据。,收入分组、城乡差异、消费和保障证据共同支持受益面判断。,收入分布变化却没有匹配群体消费数据。,生命周期、家庭规模、住房负担、资产与收入不同。,无分组消费资料时不估算各收入组边际消费倾向；收入五等份不是财富五等份。,EG-C_S07,C_S07
MAP0446,D3,C048,最低生活保障人数,识别基本生活救助覆盖规模。,不同收入群体的资源、负担和保障差异可能影响消费能力，但需要群体消费证据。,收入分组、城乡差异、消费和保障证据共同支持受益面判断。,收入分布变化却没有匹配群体消费数据。,生命周期、家庭规模、住房负担、资产与收入不同。,无分组消费资料时不估算各收入组边际消费倾向；收入五等份不是财富五等份。,EG-C_S02,C_S02
MAP0447,D3,C056,城镇非私营单位就业人员年平均工资,观察单位就业人员劳动收入水平及行业、登记类型或岗位差异。,不同收入群体的资源、负担和保障差异可能影响消费能力，但需要群体消费证据。,收入分组、城乡差异、消费和保障证据共同支持受益面判断。,收入分布变化却没有匹配群体消费数据。,生命周期、家庭规模、住房负担、资产与收入不同。,无分组消费资料时不估算各收入组边际消费倾向；收入五等份不是财富五等份。,EG-城镇单位工资,C_S15
MAP0448,D3,C057,城镇私营单位就业人员年平均工资,观察单位就业人员劳动收入水平及行业、登记类型或岗位差异。,不同收入群体的资源、负担和保障差异可能影响消费能力，但需要群体消费证据。,收入分组、城乡差异、消费和保障证据共同支持受益面判断。,收入分布变化却没有匹配群体消费数据。,生命周期、家庭规模、住房负担、资产与收入不同。,无分组消费资料时不估算各收入组边际消费倾向；收入五等份不是财富五等份。,EG-城镇单位工资,C_S15
MAP0449,D3,C058,规模以上企业就业人员分岗位年平均工资,观察单位就业人员劳动收入水平及行业、登记类型或岗位差异。,不同收入群体的资源、负担和保障差异可能影响消费能力，但需要群体消费证据。,收入分组、城乡差异、消费和保障证据共同支持受益面判断。,收入分布变化却没有匹配群体消费数据。,生命周期、家庭规模、住房负担、资产与收入不同。,无分组消费资料时不估算各收入组边际消费倾向；收入五等份不是财富五等份。,EG-城镇单位工资,C_S15
MAP0450,D3,R004,机构部门可支配总收入,连接部门收入、支出与资金余缺；需结合相邻账户解释变化。,不同收入群体的资源、负担和保障差异可能影响消费能力，但需要群体消费证据。,收入分组、城乡差异、消费和保障证据共同支持受益面判断。,收入分布变化却没有匹配群体消费数据。,生命周期、家庭规模、住房负担、资产与收入不同。,无分组消费资料时不估算各收入组边际消费倾向；收入五等份不是财富五等份。,EG-资金流量,R_FOF
MAP0451,D3,R005,机构部门实物社会转移,连接部门收入、支出与资金余缺；需结合相邻账户解释变化。,不同收入群体的资源、负担和保障差异可能影响消费能力，但需要群体消费证据。,收入分组、城乡差异、消费和保障证据共同支持受益面判断。,收入分布变化却没有匹配群体消费数据。,生命周期、家庭规模、住房负担、资产与收入不同。,无分组消费资料时不估算各收入组边际消费倾向；收入五等份不是财富五等份。,EG-资金流量,R_FOF
MAP0452,D3,R006,机构部门调整后可支配总收入,连接部门收入、支出与资金余缺；需结合相邻账户解释变化。,不同收入群体的资源、负担和保障差异可能影响消费能力，但需要群体消费证据。,收入分组、城乡差异、消费和保障证据共同支持受益面判断。,收入分布变化却没有匹配群体消费数据。,生命周期、家庭规模、住房负担、资产与收入不同。,无分组消费资料时不估算各收入组边际消费倾向；收入五等份不是财富五等份。,EG-资金流量,R_FOF
MAP0453,D3,R007,机构部门实际最终消费,连接部门收入、支出与资金余缺；需结合相邻账户解释变化。,不同收入群体的资源、负担和保障差异可能影响消费能力，但需要群体消费证据。,收入分组、城乡差异、消费和保障证据共同支持受益面判断。,收入分布变化却没有匹配群体消费数据。,生命周期、家庭规模、住房负担、资产与收入不同。,无分组消费资料时不估算各收入组边际消费倾向；收入五等份不是财富五等份。,EG-资金流量,R_FOF
MAP0454,D3,R013,住户部门可支配总收入占比,住户部门在国内可支配总收入中的份额。比较变化需同时看分子与分母。,不同收入群体的资源、负担和保障差异可能影响消费能力，但需要群体消费证据。,收入分组、城乡差异、消费和保障证据共同支持受益面判断。,收入分布变化却没有匹配群体消费数据。,生命周期、家庭规模、住房负担、资产与收入不同。,无分组消费资料时不估算各收入组边际消费倾向；收入五等份不是财富五等份。,EG-资金流量,R_FOF
MAP0455,D3,R016,住户实物社会转移增益比,住户获得的实物社会转移相对其可支配总收入的比例。比较变化需同时看分子与分母。,不同收入群体的资源、负担和保障差异可能影响消费能力，但需要群体消费证据。,收入分组、城乡差异、消费和保障证据共同支持受益面判断。,收入分布变化却没有匹配群体消费数据。,生命周期、家庭规模、住房负担、资产与收入不同。,无分组消费资料时不估算各收入组边际消费倾向；收入五等份不是财富五等份。,EG-资金流量,R_FOF
MAP0456,D4,B053,经常账户差额,居民与非居民经常交易净额,部门收入、储蓄与资本形成联系揭示资金余缺及支出衔接。,以资金流量账户连接部门分配、储蓄、投资与净金融投资。,现象依赖错误加总、表间版本不一或将存款增加当作储蓄。,对外收支、资本转移、其他非金融资产和统计差异。,部门余额关系是核算联系，不是因果关系；统计差额保留，不强制配平。,EG-B_S15,B_S15
MAP0457,D4,B054,国际收支货物差额,货物交易净流入,部门收入、储蓄与资本形成联系揭示资金余缺及支出衔接。,以资金流量账户连接部门分配、储蓄、投资与净金融投资。,现象依赖错误加总、表间版本不一或将存款增加当作储蓄。,对外收支、资本转移、其他非金融资产和统计差异。,部门余额关系是核算联系，不是因果关系；统计差额保留，不强制配平。,EG-B_S15,B_S15
MAP0458,D4,B055,国际收支服务差额,服务贸易净需求,部门收入、储蓄与资本形成联系揭示资金余缺及支出衔接。,以资金流量账户连接部门分配、储蓄、投资与净金融投资。,现象依赖错误加总、表间版本不一或将存款增加当作储蓄。,对外收支、资本转移、其他非金融资产和统计差异。,部门余额关系是核算联系，不是因果关系；统计差额保留，不强制配平。,EG-B_S15,B_S15
MAP0459,D4,B056,初次收入差额,对外收入分配净额,部门收入、储蓄与资本形成联系揭示资金余缺及支出衔接。,以资金流量账户连接部门分配、储蓄、投资与净金融投资。,现象依赖错误加总、表间版本不一或将存款增加当作储蓄。,对外收支、资本转移、其他非金融资产和统计差异。,部门余额关系是核算联系，不是因果关系；统计差额保留，不强制配平。,EG-B_S15,B_S15
MAP0460,D4,R001,机构部门增加值,连接部门收入、支出与资金余缺；需结合相邻账户解释变化。,部门收入、储蓄与资本形成联系揭示资金余缺及支出衔接。,以资金流量账户连接部门分配、储蓄、投资与净金融投资。,现象依赖错误加总、表间版本不一或将存款增加当作储蓄。,对外收支、资本转移、其他非金融资产和统计差异。,部门余额关系是核算联系，不是因果关系；统计差额保留，不强制配平。,EG-资金流量,R_FOF
MAP0461,D4,R002,机构部门劳动者报酬,连接部门收入、支出与资金余缺；需结合相邻账户解释变化。,部门收入、储蓄与资本形成联系揭示资金余缺及支出衔接。,以资金流量账户连接部门分配、储蓄、投资与净金融投资。,现象依赖错误加总、表间版本不一或将存款增加当作储蓄。,对外收支、资本转移、其他非金融资产和统计差异。,部门余额关系是核算联系，不是因果关系；统计差额保留，不强制配平。,EG-资金流量,R_FOF
MAP0462,D4,R003,机构部门初次分配总收入,连接部门收入、支出与资金余缺；需结合相邻账户解释变化。,部门收入、储蓄与资本形成联系揭示资金余缺及支出衔接。,以资金流量账户连接部门分配、储蓄、投资与净金融投资。,现象依赖错误加总、表间版本不一或将存款增加当作储蓄。,对外收支、资本转移、其他非金融资产和统计差异。,部门余额关系是核算联系，不是因果关系；统计差额保留，不强制配平。,EG-资金流量,R_FOF
MAP0463,D4,R004,机构部门可支配总收入,连接部门收入、支出与资金余缺；需结合相邻账户解释变化。,部门收入、储蓄与资本形成联系揭示资金余缺及支出衔接。,以资金流量账户连接部门分配、储蓄、投资与净金融投资。,现象依赖错误加总、表间版本不一或将存款增加当作储蓄。,对外收支、资本转移、其他非金融资产和统计差异。,部门余额关系是核算联系，不是因果关系；统计差额保留，不强制配平。,EG-资金流量,R_FOF
MAP0464,D4,R005,机构部门实物社会转移,连接部门收入、支出与资金余缺；需结合相邻账户解释变化。,部门收入、储蓄与资本形成联系揭示资金余缺及支出衔接。,以资金流量账户连接部门分配、储蓄、投资与净金融投资。,现象依赖错误加总、表间版本不一或将存款增加当作储蓄。,对外收支、资本转移、其他非金融资产和统计差异。,部门余额关系是核算联系，不是因果关系；统计差额保留，不强制配平。,EG-资金流量,R_FOF
MAP0465,D4,R006,机构部门调整后可支配总收入,连接部门收入、支出与资金余缺；需结合相邻账户解释变化。,部门收入、储蓄与资本形成联系揭示资金余缺及支出衔接。,以资金流量账户连接部门分配、储蓄、投资与净金融投资。,现象依赖错误加总、表间版本不一或将存款增加当作储蓄。,对外收支、资本转移、其他非金融资产和统计差异。,部门余额关系是核算联系，不是因果关系；统计差额保留，不强制配平。,EG-资金流量,R_FOF
MAP0466,D4,R007,机构部门实际最终消费,连接部门收入、支出与资金余缺；需结合相邻账户解释变化。,部门收入、储蓄与资本形成联系揭示资金余缺及支出衔接。,以资金流量账户连接部门分配、储蓄、投资与净金融投资。,现象依赖错误加总、表间版本不一或将存款增加当作储蓄。,对外收支、资本转移、其他非金融资产和统计差异。,部门余额关系是核算联系，不是因果关系；统计差额保留，不强制配平。,EG-资金流量,R_FOF
MAP0467,D4,R008,机构部门总储蓄,连接部门收入、支出与资金余缺；需结合相邻账户解释变化。,部门收入、储蓄与资本形成联系揭示资金余缺及支出衔接。,以资金流量账户连接部门分配、储蓄、投资与净金融投资。,现象依赖错误加总、表间版本不一或将存款增加当作储蓄。,对外收支、资本转移、其他非金融资产和统计差异。,部门余额关系是核算联系，不是因果关系；统计差额保留，不强制配平。,EG-资金流量,R_FOF
MAP0468,D4,R009,机构部门资本形成总额,连接部门收入、支出与资金余缺；需结合相邻账户解释变化。,部门收入、储蓄与资本形成联系揭示资金余缺及支出衔接。,以资金流量账户连接部门分配、储蓄、投资与净金融投资。,现象依赖错误加总、表间版本不一或将存款增加当作储蓄。,对外收支、资本转移、其他非金融资产和统计差异。,部门余额关系是核算联系，不是因果关系；统计差额保留，不强制配平。,EG-资金流量,R_FOF
MAP0469,D4,R010,机构部门净金融投资,连接部门收入、支出与资金余缺；需结合相邻账户解释变化。,部门收入、储蓄与资本形成联系揭示资金余缺及支出衔接。,以资金流量账户连接部门分配、储蓄、投资与净金融投资。,现象依赖错误加总、表间版本不一或将存款增加当作储蓄。,对外收支、资本转移、其他非金融资产和统计差异。,部门余额关系是核算联系，不是因果关系；统计差额保留，不强制配平。,EG-资金流量,R_FOF
MAP0470,D4,R011,机构部门财产收入,连接部门收入、支出与资金余缺；需结合相邻账户解释变化。,部门收入、储蓄与资本形成联系揭示资金余缺及支出衔接。,以资金流量账户连接部门分配、储蓄、投资与净金融投资。,现象依赖错误加总、表间版本不一或将存款增加当作储蓄。,对外收支、资本转移、其他非金融资产和统计差异。,部门余额关系是核算联系，不是因果关系；统计差额保留，不强制配平。,EG-资金流量,R_FOF
MAP0471,D4,R012,机构部门经常转移,连接部门收入、支出与资金余缺；需结合相邻账户解释变化。,部门收入、储蓄与资本形成联系揭示资金余缺及支出衔接。,以资金流量账户连接部门分配、储蓄、投资与净金融投资。,现象依赖错误加总、表间版本不一或将存款增加当作储蓄。,对外收支、资本转移、其他非金融资产和统计差异。,部门余额关系是核算联系，不是因果关系；统计差额保留，不强制配平。,EG-资金流量,R_FOF
MAP0472,D4,R013,住户部门可支配总收入占比,住户部门在国内可支配总收入中的份额。比较变化需同时看分子与分母。,部门收入、储蓄与资本形成联系揭示资金余缺及支出衔接。,以资金流量账户连接部门分配、储蓄、投资与净金融投资。,现象依赖错误加总、表间版本不一或将存款增加当作储蓄。,对外收支、资本转移、其他非金融资产和统计差异。,部门余额关系是核算联系，不是因果关系；统计差额保留，不强制配平。,EG-资金流量,R_FOF
MAP0473,D4,R014,住户部门总储蓄率,住户部门总储蓄占可支配总收入的比例。比较变化需同时看分子与分母。,部门收入、储蓄与资本形成联系揭示资金余缺及支出衔接。,以资金流量账户连接部门分配、储蓄、投资与净金融投资。,现象依赖错误加总、表间版本不一或将存款增加当作储蓄。,对外收支、资本转移、其他非金融资产和统计差异。,部门余额关系是核算联系，不是因果关系；统计差额保留，不强制配平。,EG-资金流量,R_FOF
MAP0474,D4,R015,国内劳动者报酬占增加值比重,国内生产过程中支付的劳动者报酬占增加值比例，保留统计劳动报酬定义。比较变化需同时看分子与分母。,部门收入、储蓄与资本形成联系揭示资金余缺及支出衔接。,以资金流量账户连接部门分配、储蓄、投资与净金融投资。,现象依赖错误加总、表间版本不一或将存款增加当作储蓄。,对外收支、资本转移、其他非金融资产和统计差异。,部门余额关系是核算联系，不是因果关系；统计差额保留，不强制配平。,EG-资金流量,R_FOF
MAP0475,D4,R016,住户实物社会转移增益比,住户获得的实物社会转移相对其可支配总收入的比例。比较变化需同时看分子与分母。,部门收入、储蓄与资本形成联系揭示资金余缺及支出衔接。,以资金流量账户连接部门分配、储蓄、投资与净金融投资。,现象依赖错误加总、表间版本不一或将存款增加当作储蓄。,对外收支、资本转移、其他非金融资产和统计差异。,部门余额关系是核算联系，不是因果关系；统计差额保留，不强制配平。,EG-资金流量,R_FOF
